#initial_data.sql file
#User
#Password gmail @mmi : mmi123mmi
DELETE FROM T1_USER;
INSERT INTO T1_USER (USER_ID, USERNAME, PASSWORD, EMAIL, NAMA_PENGGUNA) VALUES (1, 'panitia01', 'fcea920f7412b5da7be0cf42b8c93759','panitia01@mmi-pt.com', 'Agus Rochmad TR');
INSERT INTO T1_USER (USER_ID, USERNAME, PASSWORD, EMAIL, NAMA_PENGGUNA) VALUES (10, 'panitia02', 'fcea920f7412b5da7be0cf42b8c93759','panitia02@mmi-pt.com', 'Hariri Rohman');
INSERT INTO T1_USER (USER_ID, USERNAME, PASSWORD, EMAIL, NAMA_PENGGUNA) VALUES (11, 'panitia03', 'fcea920f7412b5da7be0cf42b8c93759','panitia03@mmi-pt.com', 'Muhammad Rizal');
INSERT INTO T1_USER (USER_ID, USERNAME, PASSWORD, EMAIL, NAMA_PENGGUNA) VALUES (12, 'panitia04', 'fcea920f7412b5da7be0cf42b8c93759','panitia04@mmi-pt.com', 'Reinhard TM');
INSERT INTO T1_USER (USER_ID, USERNAME, PASSWORD, EMAIL, NAMA_PENGGUNA) VALUES (2, 'vendor01', 'fcea920f7412b5da7be0cf42b8c93759','vendor01@mmi-pt.com', 'PT. Global Aksara Informatika');
INSERT INTO T1_USER (USER_ID, USERNAME, PASSWORD, EMAIL, NAMA_PENGGUNA) VALUES (3, 'vendor02', 'fcea920f7412b5da7be0cf42b8c93759','vendor02@mmi-pt.com', 'PT. Code Beans');
INSERT INTO T1_USER (USER_ID, USERNAME, PASSWORD, EMAIL, NAMA_PENGGUNA) VALUES (4, 'vendor03', 'fcea920f7412b5da7be0cf42b8c93759','vendor03@mmi-pt.com', 'PT. Adi Nusa');
INSERT INTO SEQUENCE VALUES('T1_USER', 100);
#PEMBERI KEPUTUSAN
insert into T1_PEMBUAT_KEPUTUSAN (PEMBUAT_KEPUTUSAN_ID, NAMA) VALUES('1', 'General Manager');
insert into T1_PEMBUAT_KEPUTUSAN (PEMBUAT_KEPUTUSAN_ID, NAMA) VALUES('2', 'Manager');
INSERT INTO SEQUENCE VALUES('T1_PEMBUAT_KEPUTUSAN', 100);
#ROLE
DELETE FROM T1_ROLE
INSERT INTO T1_ROLE(ROLE_ID, PARENT_ID, NAMA) VALUES(1, '0', 'PANITIA');
INSERT INTO T1_ROLE(ROLE_ID, PARENT_ID, NAMA) VALUES(2, '0', 'VENDOR');
INSERT INTO SEQUENCE VALUES('T1_ROLE', 3);
#HARI LIBUR
DELETE FROM T1_HARI_LIBUR
INSERT INTO T1_HARI_LIBUR(HARI_LIBUR_ID, NAMA, DESKRIPSI,TANGGAL) VALUES(1, 'Idul Fitri', '','2015-10-09');
INSERT INTO T1_HARI_LIBUR(HARI_LIBUR_ID, NAMA, DESKRIPSI,TANGGAL) VALUES(2, 'Idul Adha', '','2015-10-10');
INSERT INTO SEQUENCE VALUES('T1_HARI_LIBUR', 3);
#organisasi
DELETE FROM T1_ORGANISASI;
INSERT INTO T1_ORGANISASI (ORGANISASI_ID, PARENT_ID, NAMA) VALUES (1, '0', 'PT. Mitra Mandiri Informatika');
INSERT INTO T1_ORGANISASI (ORGANISASI_ID, PARENT_ID, NAMA) VALUES (2, '1', 'PT. Global Akasa Informatika');
INSERT INTO T1_ORGANISASI (ORGANISASI_ID, PARENT_ID, NAMA) VALUES (3, '1', 'Finance');
INSERT INTO T1_ORGANISASI (ORGANISASI_ID, PARENT_ID, NAMA) VALUES (4, '2', 'Research And Development');
INSERT INTO T1_ORGANISASI (ORGANISASI_ID, PARENT_ID, NAMA) VALUES (5, '2', 'Strategic Technology Services');
INSERT INTO SEQUENCE VALUES('T1_ORGANISASI',6);

#USERROLE
DELETE FROM T2_ROLE_USER
INSERT INTO T2_ROLE_USER(ROLE_USER_ID, USER_ID, ROLE_ID) VALUES(1, 1, 1);
INSERT INTO T2_ROLE_USER(ROLE_USER_ID, USER_ID, ROLE_ID) VALUES(5, 10, 1);
INSERT INTO T2_ROLE_USER(ROLE_USER_ID, USER_ID, ROLE_ID) VALUES(6, 11, 1);
INSERT INTO T2_ROLE_USER(ROLE_USER_ID, USER_ID, ROLE_ID) VALUES(7, 12, 1);
INSERT INTO T2_ROLE_USER(ROLE_USER_ID, USER_ID, ROLE_ID) VALUES(2, 2, 2);
INSERT INTO T2_ROLE_USER(ROLE_USER_ID, USER_ID, ROLE_ID) VALUES(3, 3, 2);
INSERT INTO T2_ROLE_USER(ROLE_USER_ID, USER_ID, ROLE_ID) VALUES(4, 4, 2);
INSERT INTO SEQUENCE VALUES('T2_ROLE_USER', 100);
#PANITIA
INSERT INTO T1_PANITIA (PANITIA_ID, BERLAKU_MULAI, BERLAKU_SELESAI, CABANG_ID, DIVISI_ID) VALUES (1, '2015-07-01', '2016-07-01', 3, 1);
INSERT INTO SEQUENCE VALUES('T1_PANITIA', 100);
#PANITIA_PEJABAT_PELAKSANA
INSERT INTO T2_PEJABAT_PELAKSANA_PENGADAAN (PEJABAT_PELAKSANA_PENGADAAN_ID, NAMA, PANITIA_ID, PIC_ID) VALUES (1, 'Panitia Pejabat Pelaksana', 1, 1);
INSERT INTO SEQUENCE VALUES('T2_PEJABAT_PELAKSANA_PENGADAAN', 100);
#VENDOR
DELETE FROM T2_VENDOR;
INSERT INTO T2_VENDOR (VENDOR_ID, USER_ID, NAMA, ALAMAT, NOMOR_TELEPON, EMAIL, NPWP, PENANGGUNG_JAWAB, STATUS) VALUES(1, 2, 'PT. Global Aksara Informatika', 'Jl.Tebet Raya No. 11B', '(62-21) 798 4798', 'vendor01@mmi-pt.com', '49.343.880928.2192','Hari Sungkari',1);
INSERT INTO T2_VENDOR (VENDOR_ID, USER_ID, NAMA, ALAMAT, NOMOR_TELEPON, EMAIL, NPWP, PENANGGUNG_JAWAB, STATUS) VALUES(2, 3, 'PT. Code Beans', 'Jl. Kebagusan Raya No.19', '021-172 9312', 'vendor02@mmi-pt.com','49.343.8988012-31','Agus Rochmad TR',1);
INSERT INTO T2_VENDOR (VENDOR_ID, USER_ID, NAMA, ALAMAT, NOMOR_TELEPON, EMAIL, NPWP, PENANGGUNG_JAWAB, STATUS) VALUES(3, 4, 'PT. Adi Nusa', 'Jl. Jendral Sudirman','021-9999','vendor03@mmi-pt.com', '4934388','Suwito Raharjo',1);
insert into SEQUENCE values ('T2_VENDOR', 4);
#TAHAPAN
DELETE FROM T1_TAHAPAN;
INSERT INTO T1_TAHAPAN (TAHAPAN_ID, NAMA) VALUES (1, 'Inisialisasi Pengadaan');
INSERT INTO T1_TAHAPAN (TAHAPAN_ID, NAMA) VALUES (2, 'Pengadaan  Ulang');
INSERT INTO T1_TAHAPAN (TAHAPAN_ID, NAMA) VALUES (3, 'Ubah Data Pengadaan');
INSERT INTO T1_TAHAPAN (TAHAPAN_ID, NAMA) VALUES (4, 'Jadwal Pengadaan');
INSERT INTO T1_TAHAPAN (TAHAPAN_ID, NAMA) VALUES (5, 'Pengumuman/Undangan Pengadaan');
INSERT INTO T1_TAHAPAN (TAHAPAN_ID, NAMA) VALUES (6, 'Pengambilan Dokumen');
INSERT INTO T1_TAHAPAN (TAHAPAN_ID, NAMA) VALUES (7, 'Kriteria Evaluasi');
INSERT INTO T1_TAHAPAN (TAHAPAN_ID, NAMA) VALUES (8, 'Pejelasan');
INSERT INTO T1_TAHAPAN (TAHAPAN_ID, NAMA) VALUES (9, 'Satu Sampul - Pemasukan Penawaran');
INSERT INTO T1_TAHAPAN (TAHAPAN_ID, NAMA) VALUES (10, 'Satu Sampul - Pembukaan Penawaran');
INSERT INTO T1_TAHAPAN (TAHAPAN_ID, NAMA) VALUES (11, 'Evaluasi Administrasi');
INSERT INTO T1_TAHAPAN (TAHAPAN_ID, NAMA) VALUES (12, 'Evaluasi Teknis');
INSERT INTO T1_TAHAPAN (TAHAPAN_ID, NAMA) VALUES (13, 'Evaluasi Harga Bidding');
INSERT INTO T1_TAHAPAN (TAHAPAN_ID, NAMA) VALUES (14, 'Evaluasi Harga Auction');
INSERT INTO T1_TAHAPAN (TAHAPAN_ID, NAMA) VALUES (15, 'Negosiasi Harga');
INSERT INTO T1_TAHAPAN (TAHAPAN_ID, NAMA) VALUES (16, 'Usulan Calon Pemenang');
INSERT INTO T1_TAHAPAN (TAHAPAN_ID, NAMA) VALUES (17, 'Penetapan Pemenang');
INSERT INTO T1_TAHAPAN (TAHAPAN_ID, NAMA) VALUES (18, 'Sanggahan');
INSERT INTO T1_TAHAPAN (TAHAPAN_ID, NAMA) VALUES (19, 'Penunjukan Pememenang');
INSERT INTO T1_TAHAPAN (TAHAPAN_ID, NAMA) VALUES (20, 'SPK');
INSERT INTO T1_TAHAPAN (TAHAPAN_ID, NAMA) VALUES (21, 'Kontrak');
INSERT INTO T1_TAHAPAN (TAHAPAN_ID, NAMA) VALUES (22, 'Pengadaan Gagal');
INSERT INTO SEQUENCE VALUES ('T1_TAHAPAN', 23);

#Matauang
DELETE FROM T1_MATA_UANG;
INSERT INTO T1_MATA_UANG (MATA_UANG_ID, NAMA, KODE, KURS, CREATED) VALUES(1, 'Rupiah', 'IDR', '1', NOW());
INSERT INTO T1_MATA_UANG (MATA_UANG_ID, NAMA, KODE, KURS, CREATED) VALUES(2, 'Dollar US', 'USD', '15000', NOW());
INSERT INTO T1_MATA_UANG (MATA_UANG_ID, NAMA, KODE, KURS, CREATED) VALUES(3, 'Ringgit', 'MYR', '15000', NOW());
INSERT INTO T1_MATA_UANG (MATA_UANG_ID, NAMA, KODE, KURS, CREATED) VALUES(4, 'Dollar Sing', 'SGD', '15000', NOW());
INSERT INTO T1_MATA_UANG (MATA_UANG_ID, NAMA, KODE, KURS, CREATED) VALUES(5, 'Poundsterling', 'GBP', '15000', NOW());
INSERT INTO T1_MATA_UANG (MATA_UANG_ID, NAMA, KODE, KURS, CREATED) VALUES(6, 'Euro', 'EUR', '15000', NOW());
INSERT INTO T1_MATA_UANG (MATA_UANG_ID, NAMA, KODE, KURS, CREATED) VALUES(7, 'Jepang Yen', 'JPY', '15000', NOW());
INSERT INTO T1_MATA_UANG (MATA_UANG_ID, NAMA, KODE, KURS, CREATED) VALUES(8, 'Hongkong', 'HKD', '15000', NOW());
INSERT INTO SEQUENCE VALUES('T1_MATA_UANG', 3);
#Kualifikasi Pengadaan
DELETE FROM T1_KUALIFIKASI_PENGADAAN;
INSERT INTO T1_KUALIFIKASI_PENGADAAN (KUALIFIKASI_PENGADAAN_ID, NAMA, CREATED) VALUES(1, 'Pra Kualifikasi', NOW());
INSERT INTO T1_KUALIFIKASI_PENGADAAN (KUALIFIKASI_PENGADAAN_ID, NAMA, CREATED) VALUES(2, 'Pasca Kualifikasi', NOW());
INSERT INTO SEQUENCE VALUES ('T1_KUALIFIKASI_PENGADAAN', 3);
#Master Jabatan
DELETE FROM T1_JABATAN;
INSERT INTO T1_JABATAN (JABATAN_ID, NAMA) VALUES (1, 'Manager');
INSERT INTO T1_JABATAN (JABATAN_ID, NAMA) VALUES (2, 'Staff');
INSERT INTO SEQUENCE VALUES ('T1_JABATAN', 3);

#Kategori Pengadaan
DELETE FROM T1_KATEGORI_PENGADAAN;
INSERT INTO T1_KATEGORI_PENGADAAN (KATEGORI_PENGADAAN_ID, NAMA) VALUES(1, 'RM/PM');
INSERT INTO T1_KATEGORI_PENGADAAN (KATEGORI_PENGADAAN_ID, NAMA) VALUES(2, 'Services') ;  
INSERT INTO T1_KATEGORI_PENGADAAN (KATEGORI_PENGADAAN_ID, NAMA) VALUES(3, 'Technical Building') ; 
INSERT INTO SEQUENCE values ('T1_KATEGORI_PENGADAAN', 4);

#Jenis Pengadaan
DELETE FROM T1_JENIS_PENGADAAN;
insert into T1_JENIS_PENGADAAN (JENIS_PENGADAAN_ID, NAMA) values(1, 'Barang');
insert into T1_JENIS_PENGADAAN (JENIS_PENGADAAN_ID, NAMA) values(2, 'Jasa Konstruksi');
insert into T1_JENIS_PENGADAAN (JENIS_PENGADAAN_ID, NAMA) values(3, 'Jasa Konsultasi');
insert into T1_JENIS_PENGADAAN (JENIS_PENGADAAN_ID, NAMA) values(4, 'Jasa Lainnya');
insert into SEQUENCE values ('T1_JENIS_PENGADAAN', 5);

#Jenis Penawaran
DELETE FROM T1_JENIS_PENAWARAN;
insert into T1_JENIS_PENAWARAN (JENIS_PENAWARAN_ID, NAMA) values(1, 'Total');
#insert into T1_JENIS_PENAWARAN (JENIS_PENAWARAN_ID, NAMA) values(2, 'Satuan');
insert into SEQUENCE values ('T1_JENIS_PENAWARAN', 3);

#Jenis Pajak
DELETE FROM T1_JENIS_PAJAK;
insert into T1_JENIS_PAJAK (JENIS_PAJAK_ID, NAMA, DESKRIPSI, PROSENTASE) values(1, 'PPN', 'Test Nama Pajak', '10');
insert into T1_JENIS_PAJAK (JENIS_PAJAK_ID, NAMA, DESKRIPSI, PROSENTASE) values(2, 'PPH', 'Test Nama Pajak 2', '20');
insert into SEQUENCE values ('T1_JENIS_PAJAK', 3);

#METODE PENGADAAN
DELETE FROM T1_METODE_PENGADAAN;
INSERT INTO T1_METODE_PENGADAAN (METODE_PENGADAAN_ID, NAMA) VALUES(1, 'Pelelangan');
INSERT INTO T1_METODE_PENGADAAN (METODE_PENGADAAN_ID, NAMA) VALUES(2, 'Pelelangan Terbuka');
INSERT INTO T1_METODE_PENGADAAN (METODE_PENGADAAN_ID, NAMA) VALUES(3, 'Pelelangan Tertutup');
INSERT INTO T1_METODE_PENGADAAN (METODE_PENGADAAN_ID, NAMA) VALUES(4, 'Pemilihan Langsung');
INSERT INTO T1_METODE_PENGADAAN (METODE_PENGADAAN_ID, NAMA) VALUES(5, 'Penunjukan Langsung');
insert into SEQUENCE values ('T1_METODE_PENGADAAN', 6);

#Metode Penyampaian Dokumen Pengadaan
DELETE FROM T1_METODE_PENYAMPAIAN_DOKUMEN_PENGADAAN;
INSERT INTO T1_METODE_PENYAMPAIAN_DOKUMEN_PENGADAAN (METODE_PENYAMPAIAN_DOKUMEN_PENGADAAN_ID, NAMA) VALUES (1, '1 Sampul');
#INSERT INTO T1_METODE_PENYAMPAIAN_DOKUMEN_PENGADAAN (METODE_PENYAMPAIAN_DOKUMEN_PENGADAAN_ID, NAMA) VALUES (2, '2 Sampul');
#INSERT INTO T1_METODE_PENYAMPAIAN_DOKUMEN_PENGADAAN (METODE_PENYAMPAIAN_DOKUMEN_PENGADAAN_ID, NAMA) VALUES (3, '2 Tahap');
insert into SEQUENCE values ('T1_METODE_PENYAMPAIAN_DOKUMEN_PENGADAAN', 4);

#Metode Penawaran Harga
DELETE FROM T1_METODE_PENAWARAN_HARGA;
INSERT INTO T1_METODE_PENAWARAN_HARGA (METODE_PENAWARAN_HARGA_ID, NAMA) VALUES(1, 'Bidding');
INSERT INTO T1_METODE_PENAWARAN_HARGA (METODE_PENAWARAN_HARGA_ID, NAMA) VALUES(2, 'Auction Terbuka');
INSERT INTO T1_METODE_PENAWARAN_HARGA (METODE_PENAWARAN_HARGA_ID, NAMA) VALUES(3, 'Auction Tertutup');
insert into SEQUENCE values ('T1_METODE_PENAWARAN_HARGA', 4);

#Sistem Evaluasi Penawaran
DELETE FROM T1_SISTEM_EVALUASI_PENAWARAN;
INSERT INTO T1_SISTEM_EVALUASI_PENAWARAN (SISTEM_EVALUASI_PENAWARAN_ID, NAMA) VALUES(1, 'Sistem Gugur');
INSERT INTO T1_SISTEM_EVALUASI_PENAWARAN (SISTEM_EVALUASI_PENAWARAN_ID, NAMA) VALUES(2, 'Merit Point');
#INSERT INTO T1_SISTEM_EVALUASI_PENAWARAN (SISTEM_EVALUASI_PENAWARAN_ID, NAMA) VALUES(3, 'Negosiasi Teknis dan Harga');
insert into SEQUENCE values ('T1_SISTEM_EVALUASI_PENAWARAN', 4);

#KUALIFIKASI VENDOR
DELETE FROM T1_KUALIFIKASI_VENDOR;
INSERT INTO T1_KUALIFIKASI_VENDOR (KUALIFIKASI_VENDOR_ID, NAMA) VALUES(1, 'Besar');
INSERT INTO T1_KUALIFIKASI_VENDOR (KUALIFIKASI_VENDOR_ID, NAMA) VALUES(2, 'Kecil');
INSERT INTO T1_KUALIFIKASI_VENDOR (KUALIFIKASI_VENDOR_ID, NAMA) VALUES(3, 'Tidak Dikualifikasikan');
insert into SEQUENCE values ('T1_KUALIFIKASI_VENDOR', 4);

#MASTER KRITERIA TEKNIS
DELETE FROM T1_MASTER_KRITERIA_TEKNIS;
INSERT INTO T1_MASTER_KRITERIA_TEKNIS (MASTER_KRITERIA_TEKNIS_ID, NAMA, KETERANGAN) VALUES(1, 'Pengalaman Pekerjaan', 'Sesuai dengan teknis pekerjaan terkait');
INSERT INTO T1_MASTER_KRITERIA_TEKNIS (MASTER_KRITERIA_TEKNIS_ID, NAMA, KETERANGAN) VALUES(2, 'Peralatan kerja', 'Sesuai dengan ketentuan yang dipersyaratkan');
INSERT INTO T1_MASTER_KRITERIA_TEKNIS (MASTER_KRITERIA_TEKNIS_ID, NAMA, KETERANGAN) VALUES(3, 'Lingkup pekerjaan dan spesifikasi teknis', 'Lingkup pekerjaan dan spesifikasi teknis/kualitas barang/jasa yang ditawarkan sesuai dengan Dokumen Pengadaan');
INSERT INTO T1_MASTER_KRITERIA_TEKNIS (MASTER_KRITERIA_TEKNIS_ID, NAMA, KETERANGAN) VALUES(4, 'Waktu Pelaksanaan Pekerjaan', 'Waktu pelaksanaan pekerjaan yang ditawarkan tidak melebihi waktu yang dipersyaratkan dalam Dokumen Pengadaan');
INSERT INTO T1_MASTER_KRITERIA_TEKNIS (MASTER_KRITERIA_TEKNIS_ID, NAMA, KETERANGAN) VALUES(5, 'Tenaga Ahli', 'Sesuai dengan ketentuan yang disyaratkan dalam Dokumen Pengadaan');
INSERT INTO T1_MASTER_KRITERIA_TEKNIS (MASTER_KRITERIA_TEKNIS_ID, NAMA, KETERANGAN) VALUES(6, 'Welding Inspector Certificate', 'Tenaga Ahli');
INSERT INTO T1_MASTER_KRITERIA_TEKNIS (MASTER_KRITERIA_TEKNIS_ID, NAMA, KETERANGAN) VALUES(7, 'Welding Supervisor Certificate', 'Tenaga Ahli');
INSERT INTO T1_MASTER_KRITERIA_TEKNIS (MASTER_KRITERIA_TEKNIS_ID, NAMA, KETERANGAN) VALUES(8, 'Welder (SMAW/Non SMAW)','Tenaga Ahli');
insert into SEQUENCE values ('T1_MASTER_KRITERIA_TEKNIS', 9);

#MASTER KRITERIA ADMINISTRASI
DELETE FROM T1_MASTER_KRITERIA_ADMINISTRASI;
INSERT INTO T1_MASTER_KRITERIA_ADMINISTRASI (MASTER_KRITERIA_ADMINISTRASI_ID, NAMA, KETERANGAN) VALUES(1, 'Surat Pernyataan', NULL);
INSERT INTO T1_MASTER_KRITERIA_ADMINISTRASI (MASTER_KRITERIA_ADMINISTRASI_ID, NAMA, KETERANGAN) VALUES(2, 'Jaminan Penawaran', '1 sd 3% HPS');
INSERT INTO T1_MASTER_KRITERIA_ADMINISTRASI (MASTER_KRITERIA_ADMINISTRASI_ID, NAMA, KETERANGAN) VALUES(3, 'Surat Penyataan Ketersediaan Tenaga Ahli', 'Surat penyataan ketersediaan tenaga ahli');
INSERT INTO T1_MASTER_KRITERIA_ADMINISTRASI (MASTER_KRITERIA_ADMINISTRASI_ID, NAMA, KETERANGAN) VALUES(4, 'SP Kesanggupan Memberikan Masa Retensi', 'Surat Pernyataan kesanggupan memberikan masa retensi');
INSERT INTO T1_MASTER_KRITERIA_ADMINISTRASI (MASTER_KRITERIA_ADMINISTRASI_ID, NAMA, KETERANGAN) VALUES(5, 'SP Kesanggupan Memberikan Masa Pemeliharaan', 'Surat pernyataan kesanggupan memberikan masa pemeliharaan');
INSERT INTO T1_MASTER_KRITERIA_ADMINISTRASI (MASTER_KRITERIA_ADMINISTRASI_ID, NAMA, KETERANGAN) VALUES(6, 'Surat Penawaran Harga', 'Sesuai Format');
INSERT INTO T1_MASTER_KRITERIA_ADMINISTRASI (MASTER_KRITERIA_ADMINISTRASI_ID, NAMA, KETERANGAN) VALUES(7, 'Surat Penawaran Tanpa Harga', 'Sesuai Format');
INSERT INTO T1_MASTER_KRITERIA_ADMINISTRASI (MASTER_KRITERIA_ADMINISTRASI_ID, NAMA, KETERANGAN) VALUES(8, 'Perjanjian Joint Operation', NULL);
INSERT INTO T1_MASTER_KRITERIA_ADMINISTRASI (MASTER_KRITERIA_ADMINISTRASI_ID, NAMA, KETERANGAN) VALUES(9, 'Akta / Perjanjian Konsorsium', NULL);
INSERT INTO T1_MASTER_KRITERIA_ADMINISTRASI (MASTER_KRITERIA_ADMINISTRASI_ID, NAMA, KETERANGAN) VALUES(10, 'Pakta Integritas', 'Sesuai Format');
INSERT INTO T1_MASTER_KRITERIA_ADMINISTRASI (MASTER_KRITERIA_ADMINISTRASI_ID, NAMA, KETERANGAN) VALUES(11, 'Kemampuan Keuangan', NULL);
INSERT INTO T1_MASTER_KRITERIA_ADMINISTRASI (MASTER_KRITERIA_ADMINISTRASI_ID, NAMA, KETERANGAN) VALUES(12, 'Surat Dukungan Keuangan dari Bank', NULL);
INSERT INTO T1_MASTER_KRITERIA_ADMINISTRASI (MASTER_KRITERIA_ADMINISTRASI_ID, NAMA, KETERANGAN) VALUES(13, 'Supporting Letter', NULL);
INSERT INTO T1_MASTER_KRITERIA_ADMINISTRASI (MASTER_KRITERIA_ADMINISTRASI_ID, NAMA, KETERANGAN) VALUES(14, 'Surat Pernyataan Minat', '(sesuai format)');
INSERT INTO T1_MASTER_KRITERIA_ADMINISTRASI (MASTER_KRITERIA_ADMINISTRASI_ID, NAMA, KETERANGAN) VALUES(15, 'Surat dukungan dari principal', NULL);
INSERT INTO T1_MASTER_KRITERIA_ADMINISTRASI (MASTER_KRITERIA_ADMINISTRASI_ID, NAMA, KETERANGAN) VALUES(16, 'Surat dukungan dari principal/distributor', NULL);
INSERT INTO T1_MASTER_KRITERIA_ADMINISTRASI (MASTER_KRITERIA_ADMINISTRASI_ID, NAMA, KETERANGAN) VALUES(17, 'Surat dukungan dari principal/agen tunggal ', NULL);
INSERT INTO T1_MASTER_KRITERIA_ADMINISTRASI (MASTER_KRITERIA_ADMINISTRASI_ID, NAMA, KETERANGAN) VALUES(18, 'Persyaratan Kesehatan dan Keselamatan Kerja', 'Sesuai Ketentuan Dokumen Pengadaan');
INSERT INTO T1_MASTER_KRITERIA_ADMINISTRASI (MASTER_KRITERIA_ADMINISTRASI_ID, NAMA, KETERANGAN) VALUES(19, 'Persyaratan Aspek Pengamanan', 'Sesuai ketentuan Dokumen Pengadaan');
INSERT INTO T1_MASTER_KRITERIA_ADMINISTRASI (MASTER_KRITERIA_ADMINISTRASI_ID, NAMA, KETERANGAN) VALUES(20, 'Surat Ijin Usaha Perdagangan (SIUP)', NULL);
INSERT INTO T1_MASTER_KRITERIA_ADMINISTRASI (MASTER_KRITERIA_ADMINISTRASI_ID, NAMA, KETERANGAN) VALUES(21, 'Surat Ijin Usaha Jasa Konstruksi (SIUJK)', NULL);
INSERT INTO T1_MASTER_KRITERIA_ADMINISTRASI (MASTER_KRITERIA_ADMINISTRASI_ID, NAMA, KETERANGAN) VALUES(22, 'Nomor pokok Wajib Pajak (NPWP)', NULL);
INSERT INTO T1_MASTER_KRITERIA_ADMINISTRASI (MASTER_KRITERIA_ADMINISTRASI_ID, NAMA, KETERANGAN) VALUES(23, 'Surat Pengukuhan Pengusaha Kena Pajak (SP PKP)', NULL);
INSERT INTO T1_MASTER_KRITERIA_ADMINISTRASI (MASTER_KRITERIA_ADMINISTRASI_ID, NAMA, KETERANGAN) VALUES(24, 'Akta Pendirian Perusahaan dan Perubahannya', NULL);
INSERT INTO T1_MASTER_KRITERIA_ADMINISTRASI (MASTER_KRITERIA_ADMINISTRASI_ID, NAMA, KETERANGAN) VALUES(25, 'Bukti Bayar Pajak SPT/PPh Badan Tahunan', '(Tahun Terakhir)');
INSERT INTO T1_MASTER_KRITERIA_ADMINISTRASI (MASTER_KRITERIA_ADMINISTRASI_ID, NAMA, KETERANGAN) VALUES(26, 'Laporan Keuangan tahun terakhir', '(External Audited)');
INSERT INTO T1_MASTER_KRITERIA_ADMINISTRASI (MASTER_KRITERIA_ADMINISTRASI_ID, NAMA, KETERANGAN) VALUES(27, 'Surat Keterangan Domisili', NULL);
INSERT INTO T1_MASTER_KRITERIA_ADMINISTRASI (MASTER_KRITERIA_ADMINISTRASI_ID, NAMA, KETERANGAN) VALUES(28, 'Bukti bayar pajak PPh Pasal 21 / 23 atau PPN', '(3 bulan terakhir)');
INSERT INTO T1_MASTER_KRITERIA_ADMINISTRASI (MASTER_KRITERIA_ADMINISTRASI_ID, NAMA, KETERANGAN) VALUES(29, 'Surat Keterangan Fiskal', '(SKF)');
INSERT INTO T1_MASTER_KRITERIA_ADMINISTRASI (MASTER_KRITERIA_ADMINISTRASI_ID, NAMA, KETERANGAN) VALUES(30, 'Sertifikat Badang Usaha Jasa Pelaksanan Konstruksi', '(SBU)');
INSERT INTO T1_MASTER_KRITERIA_ADMINISTRASI (MASTER_KRITERIA_ADMINISTRASI_ID, NAMA, KETERANGAN) VALUES(31, 'Surat &#150; surat pernyataan', '(sesuai format)');
INSERT INTO T1_MASTER_KRITERIA_ADMINISTRASI (MASTER_KRITERIA_ADMINISTRASI_ID, NAMA, KETERANGAN) VALUES(32, 'Formulir isian kualifikasi', '(sesuai format)');
INSERT INTO T1_MASTER_KRITERIA_ADMINISTRASI (MASTER_KRITERIA_ADMINISTRASI_ID, NAMA, KETERANGAN) VALUES(33, 'Surat Pernyataan dan Referensi Bank', '-');
INSERT INTO T1_MASTER_KRITERIA_ADMINISTRASI (MASTER_KRITERIA_ADMINISTRASI_ID, NAMA, KETERANGAN) VALUES(34, 'Persyaratan Aspek Lingkungan', 'Sesuai ketentuan Dokumen Pengadaan');
insert into SEQUENCE values ('T1_MASTER_KRITERIA_ADMINISTRASI', 35);

#Kondisi Pengadaan
DELETE FROM T2_KONDISI_PENGADAAN;
INSERT INTO T2_KONDISI_PENGADAAN (KONDISI_PENGADAAN_ID, JENIS_PENGADAAN_ID, METODE_PENGADAAN_ID, METODE_PENYAMPAIAN_DOKUMEN_PENGADAAN_ID, METODE_PENAWARAN_HARGA_ID, JENIS_PENAWARAN_ID, SISTEM_EVALUASI_PENAWARAN_ID, KUALIFIKASI_VENDOR_ID, VENDOR_REQUIREMENT_ID) VALUES (1, 1, 5, 1, 1, NULL, 1, NULL, NULL);
INSERT INTO T2_KONDISI_PENGADAAN (KONDISI_PENGADAAN_ID, JENIS_PENGADAAN_ID, METODE_PENGADAAN_ID, METODE_PENYAMPAIAN_DOKUMEN_PENGADAAN_ID, METODE_PENAWARAN_HARGA_ID, JENIS_PENAWARAN_ID, SISTEM_EVALUASI_PENAWARAN_ID, KUALIFIKASI_VENDOR_ID, VENDOR_REQUIREMENT_ID) VALUES (2, 1, 1, 1, 2, NULL, 1, NULL, NULL);
INSERT INTO T2_KONDISI_PENGADAAN (KONDISI_PENGADAAN_ID, JENIS_PENGADAAN_ID, METODE_PENGADAAN_ID, METODE_PENYAMPAIAN_DOKUMEN_PENGADAAN_ID, METODE_PENAWARAN_HARGA_ID, JENIS_PENAWARAN_ID, SISTEM_EVALUASI_PENAWARAN_ID, KUALIFIKASI_VENDOR_ID, VENDOR_REQUIREMENT_ID) VALUES (3, 1, 1, 1, 2, NULL, 2, NULL, NULL);
INSERT INTO T2_KONDISI_PENGADAAN (KONDISI_PENGADAAN_ID, JENIS_PENGADAAN_ID, METODE_PENGADAAN_ID, METODE_PENYAMPAIAN_DOKUMEN_PENGADAAN_ID, METODE_PENAWARAN_HARGA_ID, JENIS_PENAWARAN_ID, SISTEM_EVALUASI_PENAWARAN_ID, KUALIFIKASI_VENDOR_ID, VENDOR_REQUIREMENT_ID) VALUES (4, 1, 1, 2, 1, NULL, 1, NULL, NULL);
INSERT INTO T2_KONDISI_PENGADAAN (KONDISI_PENGADAAN_ID, JENIS_PENGADAAN_ID, METODE_PENGADAAN_ID, METODE_PENYAMPAIAN_DOKUMEN_PENGADAAN_ID, METODE_PENAWARAN_HARGA_ID, JENIS_PENAWARAN_ID, SISTEM_EVALUASI_PENAWARAN_ID, KUALIFIKASI_VENDOR_ID, VENDOR_REQUIREMENT_ID) VALUES (5, 1, 1, 2, 1, NULL, 2, NULL, NULL);
INSERT INTO T2_KONDISI_PENGADAAN (KONDISI_PENGADAAN_ID, JENIS_PENGADAAN_ID, METODE_PENGADAAN_ID, METODE_PENYAMPAIAN_DOKUMEN_PENGADAAN_ID, METODE_PENAWARAN_HARGA_ID, JENIS_PENAWARAN_ID, SISTEM_EVALUASI_PENAWARAN_ID, KUALIFIKASI_VENDOR_ID, VENDOR_REQUIREMENT_ID) VALUES (6, 1, 1, 3, 1, NULL, 1, NULL, NULL);
INSERT INTO T2_KONDISI_PENGADAAN (KONDISI_PENGADAAN_ID, JENIS_PENGADAAN_ID, METODE_PENGADAAN_ID, METODE_PENYAMPAIAN_DOKUMEN_PENGADAAN_ID, METODE_PENAWARAN_HARGA_ID, JENIS_PENAWARAN_ID, SISTEM_EVALUASI_PENAWARAN_ID, KUALIFIKASI_VENDOR_ID, VENDOR_REQUIREMENT_ID) VALUES (7, 1, 1, 3, 2, NULL, 1, NULL, NULL);
INSERT INTO T2_KONDISI_PENGADAAN (KONDISI_PENGADAAN_ID, JENIS_PENGADAAN_ID, METODE_PENGADAAN_ID, METODE_PENYAMPAIAN_DOKUMEN_PENGADAAN_ID, METODE_PENAWARAN_HARGA_ID, JENIS_PENAWARAN_ID, SISTEM_EVALUASI_PENAWARAN_ID, KUALIFIKASI_VENDOR_ID, VENDOR_REQUIREMENT_ID) VALUES (8, 1, 1, 3, 3, NULL, 1, NULL, NULL);
insert into SEQUENCE values ('T2_KONDISI_PENGADAAN', 9);

#T3_ALUR_PENGADAAN
DELETE FROM T3_ALUR_PENGADAAN;
INSERT INTO T3_ALUR_PENGADAAN (ALUR_PENGADAAN_ID, NAMA, KONDISI_PENGADAAN_ID) VALUES (1, 'PENGADAAN BARANG DAN JASA, SMB 1 SAMPUL, BIDDING, GUGUR', 1);
INSERT INTO T3_ALUR_PENGADAAN (ALUR_PENGADAAN_ID, NAMA, KONDISI_PENGADAAN_ID) VALUES (2, 'PENGADAAN BARANG DAN JASA, SMB 1 SAMPUL, AUCTION, GUGUR', 2);
INSERT INTO T3_ALUR_PENGADAAN (ALUR_PENGADAAN_ID, NAMA, KONDISI_PENGADAAN_ID) VALUES (3, 'PENGADAAN BARANG DAN JASA, SMB 1 SAMPUL, AUCTION, MERIT POINT', 3);
insert into SEQUENCE values ('T3_ALUR_PENGADAAN', 2);

#T4_TAHAPAN_PENGADAAN
DELETE FROM T4_TAHAPAN_PENGADAAN;
INSERT INTO T4_TAHAPAN_PENGADAAN (TAHAPAN_PENGADAAN_ID, KODE, TAHAPAN_ID, ALUR_PENGADAAN_ID) VALUES (1, 'P01T01', 1, 1);
INSERT INTO T4_TAHAPAN_PENGADAAN (TAHAPAN_PENGADAAN_ID, KODE, TAHAPAN_ID, ALUR_PENGADAAN_ID) VALUES (2, 'P01T01UL', 2, 1);
INSERT INTO T4_TAHAPAN_PENGADAAN (TAHAPAN_PENGADAAN_ID, KODE, TAHAPAN_ID, ALUR_PENGADAAN_ID) VALUES (3, 'P01T03', 3, 1);
INSERT INTO T4_TAHAPAN_PENGADAAN (TAHAPAN_PENGADAAN_ID, KODE, TAHAPAN_ID, ALUR_PENGADAAN_ID) VALUES (4, 'P01T04', 4, 1);
INSERT INTO T4_TAHAPAN_PENGADAAN (TAHAPAN_PENGADAAN_ID, KODE, TAHAPAN_ID, ALUR_PENGADAAN_ID) VALUES (5, 'P01T05', 5, 1);
INSERT INTO T4_TAHAPAN_PENGADAAN (TAHAPAN_PENGADAAN_ID, KODE, TAHAPAN_ID, ALUR_PENGADAAN_ID) VALUES (6, 'P01T06', 6, 1);
INSERT INTO T4_TAHAPAN_PENGADAAN (TAHAPAN_PENGADAAN_ID, KODE, TAHAPAN_ID, ALUR_PENGADAAN_ID) VALUES (7, 'P01T07', 7, 1);
INSERT INTO T4_TAHAPAN_PENGADAAN (TAHAPAN_PENGADAAN_ID, KODE, TAHAPAN_ID, ALUR_PENGADAAN_ID) VALUES (8, 'P01T08', 8, 1);
INSERT INTO T4_TAHAPAN_PENGADAAN (TAHAPAN_PENGADAAN_ID, KODE, TAHAPAN_ID, ALUR_PENGADAAN_ID) VALUES (9, 'P01T09S1', 9, 1);
INSERT INTO T4_TAHAPAN_PENGADAAN (TAHAPAN_PENGADAAN_ID, KODE, TAHAPAN_ID, ALUR_PENGADAAN_ID) VALUES (10, 'P01T10S1', 10, 1);
INSERT INTO T4_TAHAPAN_PENGADAAN (TAHAPAN_PENGADAAN_ID, KODE, TAHAPAN_ID, ALUR_PENGADAAN_ID) VALUES (11, 'P01T11S1', 11, 1);
INSERT INTO T4_TAHAPAN_PENGADAAN (TAHAPAN_PENGADAAN_ID, KODE, TAHAPAN_ID, ALUR_PENGADAAN_ID) VALUES (12, 'P01T12S1', 12, 1);
INSERT INTO T4_TAHAPAN_PENGADAAN (TAHAPAN_PENGADAAN_ID, KODE, TAHAPAN_ID, ALUR_PENGADAAN_ID) VALUES (13, 'P01T13S1BI', 13, 1);
INSERT INTO T4_TAHAPAN_PENGADAAN (TAHAPAN_PENGADAAN_ID, KODE, TAHAPAN_ID, ALUR_PENGADAAN_ID) VALUES (15, 'P01T15', 15, 1);
INSERT INTO T4_TAHAPAN_PENGADAAN (TAHAPAN_PENGADAAN_ID, KODE, TAHAPAN_ID, ALUR_PENGADAAN_ID) VALUES (17, 'P01T17', 17, 1);
INSERT INTO T4_TAHAPAN_PENGADAAN (TAHAPAN_PENGADAAN_ID, KODE, TAHAPAN_ID, ALUR_PENGADAAN_ID) VALUES (19, 'P01T19', 19, 1);
INSERT INTO T4_TAHAPAN_PENGADAAN (TAHAPAN_PENGADAAN_ID, KODE, TAHAPAN_ID, ALUR_PENGADAAN_ID) VALUES (20, 'P01T20', 20, 1);

INSERT INTO T4_TAHAPAN_PENGADAAN (TAHAPAN_PENGADAAN_ID, KODE, TAHAPAN_ID, ALUR_PENGADAAN_ID) VALUES (21, 'P02T01', 1, 2);
INSERT INTO T4_TAHAPAN_PENGADAAN (TAHAPAN_PENGADAAN_ID, KODE, TAHAPAN_ID, ALUR_PENGADAAN_ID) VALUES (22, 'P02T01UL', 2, 2);
INSERT INTO T4_TAHAPAN_PENGADAAN (TAHAPAN_PENGADAAN_ID, KODE, TAHAPAN_ID, ALUR_PENGADAAN_ID) VALUES (23, 'P02T03', 3, 2);
INSERT INTO T4_TAHAPAN_PENGADAAN (TAHAPAN_PENGADAAN_ID, KODE, TAHAPAN_ID, ALUR_PENGADAAN_ID) VALUES (24, 'P02T04', 4, 2);
INSERT INTO T4_TAHAPAN_PENGADAAN (TAHAPAN_PENGADAAN_ID, KODE, TAHAPAN_ID, ALUR_PENGADAAN_ID) VALUES (25, 'P02T05', 5, 2);
INSERT INTO T4_TAHAPAN_PENGADAAN (TAHAPAN_PENGADAAN_ID, KODE, TAHAPAN_ID, ALUR_PENGADAAN_ID) VALUES (26, 'P02T06', 6, 2);
INSERT INTO T4_TAHAPAN_PENGADAAN (TAHAPAN_PENGADAAN_ID, KODE, TAHAPAN_ID, ALUR_PENGADAAN_ID) VALUES (27, 'P02T07', 7, 2);
INSERT INTO T4_TAHAPAN_PENGADAAN (TAHAPAN_PENGADAAN_ID, KODE, TAHAPAN_ID, ALUR_PENGADAAN_ID) VALUES (28, 'P02T08', 8, 2);
INSERT INTO T4_TAHAPAN_PENGADAAN (TAHAPAN_PENGADAAN_ID, KODE, TAHAPAN_ID, ALUR_PENGADAAN_ID) VALUES (29, 'P02T09S1', 9, 2);
INSERT INTO T4_TAHAPAN_PENGADAAN (TAHAPAN_PENGADAAN_ID, KODE, TAHAPAN_ID, ALUR_PENGADAAN_ID) VALUES (30, 'P02T10S1', 10, 2);
INSERT INTO T4_TAHAPAN_PENGADAAN (TAHAPAN_PENGADAAN_ID, KODE, TAHAPAN_ID, ALUR_PENGADAAN_ID) VALUES (31, 'P02T11S1', 11, 2);
INSERT INTO T4_TAHAPAN_PENGADAAN (TAHAPAN_PENGADAAN_ID, KODE, TAHAPAN_ID, ALUR_PENGADAAN_ID) VALUES (32, 'P02T12S1', 12, 2);
INSERT INTO T4_TAHAPAN_PENGADAAN (TAHAPAN_PENGADAAN_ID, KODE, TAHAPAN_ID, ALUR_PENGADAAN_ID) VALUES (34, 'P02T13S1AU', 14, 2);
INSERT INTO T4_TAHAPAN_PENGADAAN (TAHAPAN_PENGADAAN_ID, KODE, TAHAPAN_ID, ALUR_PENGADAAN_ID) VALUES (37, 'P02T17', 17, 2);
INSERT INTO T4_TAHAPAN_PENGADAAN (TAHAPAN_PENGADAAN_ID, KODE, TAHAPAN_ID, ALUR_PENGADAAN_ID) VALUES (39, 'P02T19', 19, 2);
INSERT INTO T4_TAHAPAN_PENGADAAN (TAHAPAN_PENGADAAN_ID, KODE, TAHAPAN_ID, ALUR_PENGADAAN_ID) VALUES (40, 'P02T20', 20, 2);

INSERT INTO T4_TAHAPAN_PENGADAAN (TAHAPAN_PENGADAAN_ID, KODE, TAHAPAN_ID, ALUR_PENGADAAN_ID) VALUES (41, 'P02T01', 1, 3);
INSERT INTO T4_TAHAPAN_PENGADAAN (TAHAPAN_PENGADAAN_ID, KODE, TAHAPAN_ID, ALUR_PENGADAAN_ID) VALUES (42, 'P02T01UL', 2, 3);
INSERT INTO T4_TAHAPAN_PENGADAAN (TAHAPAN_PENGADAAN_ID, KODE, TAHAPAN_ID, ALUR_PENGADAAN_ID) VALUES (43, 'P02T03', 3, 3);
INSERT INTO T4_TAHAPAN_PENGADAAN (TAHAPAN_PENGADAAN_ID, KODE, TAHAPAN_ID, ALUR_PENGADAAN_ID) VALUES (44, 'P02T04', 4, 3);
INSERT INTO T4_TAHAPAN_PENGADAAN (TAHAPAN_PENGADAAN_ID, KODE, TAHAPAN_ID, ALUR_PENGADAAN_ID) VALUES (45, 'P02T05', 5, 3);
INSERT INTO T4_TAHAPAN_PENGADAAN (TAHAPAN_PENGADAAN_ID, KODE, TAHAPAN_ID, ALUR_PENGADAAN_ID) VALUES (46, 'P02T06', 6, 3);
INSERT INTO T4_TAHAPAN_PENGADAAN (TAHAPAN_PENGADAAN_ID, KODE, TAHAPAN_ID, ALUR_PENGADAAN_ID) VALUES (47, 'P02T07', 7, 3);
INSERT INTO T4_TAHAPAN_PENGADAAN (TAHAPAN_PENGADAAN_ID, KODE, TAHAPAN_ID, ALUR_PENGADAAN_ID) VALUES (48, 'P02T08', 8, 3);
INSERT INTO T4_TAHAPAN_PENGADAAN (TAHAPAN_PENGADAAN_ID, KODE, TAHAPAN_ID, ALUR_PENGADAAN_ID) VALUES (49, 'P02T09S1', 9, 3);
INSERT INTO T4_TAHAPAN_PENGADAAN (TAHAPAN_PENGADAAN_ID, KODE, TAHAPAN_ID, ALUR_PENGADAAN_ID) VALUES (50, 'P02T10S1', 10, 3);
INSERT INTO T4_TAHAPAN_PENGADAAN (TAHAPAN_PENGADAAN_ID, KODE, TAHAPAN_ID, ALUR_PENGADAAN_ID) VALUES (51, 'P02T11S1', 11, 3);
INSERT INTO T4_TAHAPAN_PENGADAAN (TAHAPAN_PENGADAAN_ID, KODE, TAHAPAN_ID, ALUR_PENGADAAN_ID) VALUES (52, 'P02T12S1', 12, 3);
INSERT INTO T4_TAHAPAN_PENGADAAN (TAHAPAN_PENGADAAN_ID, KODE, TAHAPAN_ID, ALUR_PENGADAAN_ID) VALUES (54, 'P02T13S1AU', 14, 3);
INSERT INTO T4_TAHAPAN_PENGADAAN (TAHAPAN_PENGADAAN_ID, KODE, TAHAPAN_ID, ALUR_PENGADAAN_ID) VALUES (57, 'P02T17', 17, 3);
INSERT INTO T4_TAHAPAN_PENGADAAN (TAHAPAN_PENGADAAN_ID, KODE, TAHAPAN_ID, ALUR_PENGADAAN_ID) VALUES (59, 'P02T19', 19, 3);
INSERT INTO T4_TAHAPAN_PENGADAAN (TAHAPAN_PENGADAAN_ID, KODE, TAHAPAN_ID, ALUR_PENGADAAN_ID) VALUES (60, 'P02T20', 20, 3);
INSERT INTO SEQUENCE VALUES ('T4_TAHAPAN_PENGADAAN', 100);

#T5_REGISTRASI_JADWAL_THP_PENGADAAN
DELETE FROM T5_REGISTRASI_JADWAL_THP_PENGADAAN;
INSERT INTO T5_REGISTRASI_JADWAL_THP_PENGADAAN (REGISTRASIJADWAL_ID, TAHAPAN_PENGADAAN_ID, IS_JADWAL, IS_NO_UNDANGAN, IS_TGL_AWAL, IS_WAKTU_AWAL, IS_TGL_AKHIR, IS_WAKTU_AKHIR, IS_LOKASI) VALUES(1, 5, 1, 0, 1, 1, 1, 1, 0);
INSERT INTO T5_REGISTRASI_JADWAL_THP_PENGADAAN (REGISTRASIJADWAL_ID, TAHAPAN_PENGADAAN_ID, IS_JADWAL, IS_NO_UNDANGAN, IS_TGL_AWAL, IS_WAKTU_AWAL, IS_TGL_AKHIR, IS_WAKTU_AKHIR, IS_LOKASI) VALUES(2, 6, 1, 0, 1, 1, 1, 1, 1);
INSERT INTO T5_REGISTRASI_JADWAL_THP_PENGADAAN (REGISTRASIJADWAL_ID, TAHAPAN_PENGADAAN_ID, IS_JADWAL, IS_NO_UNDANGAN, IS_TGL_AWAL, IS_WAKTU_AWAL, IS_TGL_AKHIR, IS_WAKTU_AKHIR, IS_LOKASI) VALUES(3, 8, 1, 0, 1, 1, 1, 1, 1);
INSERT INTO T5_REGISTRASI_JADWAL_THP_PENGADAAN (REGISTRASIJADWAL_ID, TAHAPAN_PENGADAAN_ID, IS_JADWAL, IS_NO_UNDANGAN, IS_TGL_AWAL, IS_WAKTU_AWAL, IS_TGL_AKHIR, IS_WAKTU_AKHIR, IS_LOKASI) VALUES(4, 9, 1, 0, 1, 1, 1, 1, 0);
INSERT INTO T5_REGISTRASI_JADWAL_THP_PENGADAAN (REGISTRASIJADWAL_ID, TAHAPAN_PENGADAAN_ID, IS_JADWAL, IS_NO_UNDANGAN, IS_TGL_AWAL, IS_WAKTU_AWAL, IS_TGL_AKHIR, IS_WAKTU_AKHIR, IS_LOKASI) VALUES(5, 10, 1, 0, 1, 1, 1, 1, 0);
INSERT INTO T5_REGISTRASI_JADWAL_THP_PENGADAAN (REGISTRASIJADWAL_ID, TAHAPAN_PENGADAAN_ID, IS_JADWAL, IS_NO_UNDANGAN, IS_TGL_AWAL, IS_WAKTU_AWAL, IS_TGL_AKHIR, IS_WAKTU_AKHIR, IS_LOKASI) VALUES(6, 11, 1, 0, 1, 1, 1, 1, 0);
INSERT INTO T5_REGISTRASI_JADWAL_THP_PENGADAAN (REGISTRASIJADWAL_ID, TAHAPAN_PENGADAAN_ID, IS_JADWAL, IS_NO_UNDANGAN, IS_TGL_AWAL, IS_WAKTU_AWAL, IS_TGL_AKHIR, IS_WAKTU_AKHIR, IS_LOKASI) VALUES(7, 12, 1, 0, 1, 1, 1, 1, 0);
INSERT INTO T5_REGISTRASI_JADWAL_THP_PENGADAAN (REGISTRASIJADWAL_ID, TAHAPAN_PENGADAAN_ID, IS_JADWAL, IS_NO_UNDANGAN, IS_TGL_AWAL, IS_WAKTU_AWAL, IS_TGL_AKHIR, IS_WAKTU_AKHIR, IS_LOKASI) VALUES(8, 13, 1, 0, 1, 1, 1, 1, 1);
INSERT INTO T5_REGISTRASI_JADWAL_THP_PENGADAAN (REGISTRASIJADWAL_ID, TAHAPAN_PENGADAAN_ID, IS_JADWAL, IS_NO_UNDANGAN, IS_TGL_AWAL, IS_WAKTU_AWAL, IS_TGL_AKHIR, IS_WAKTU_AKHIR, IS_LOKASI) VALUES(9, 15, 1, 0, 1, 1, 1, 1, 1);
INSERT INTO T5_REGISTRASI_JADWAL_THP_PENGADAAN (REGISTRASIJADWAL_ID, TAHAPAN_PENGADAAN_ID, IS_JADWAL, IS_NO_UNDANGAN, IS_TGL_AWAL, IS_WAKTU_AWAL, IS_TGL_AKHIR, IS_WAKTU_AKHIR, IS_LOKASI) VALUES(10, 17, 1, 0, 1, 1, 1, 1, 0);

INSERT INTO T5_REGISTRASI_JADWAL_THP_PENGADAAN (REGISTRASIJADWAL_ID, TAHAPAN_PENGADAAN_ID, IS_JADWAL, IS_NO_UNDANGAN, IS_TGL_AWAL, IS_WAKTU_AWAL, IS_TGL_AKHIR, IS_WAKTU_AKHIR, IS_LOKASI) VALUES(11, 25, 1, 0, 1, 1, 1, 1, 0);
INSERT INTO T5_REGISTRASI_JADWAL_THP_PENGADAAN (REGISTRASIJADWAL_ID, TAHAPAN_PENGADAAN_ID, IS_JADWAL, IS_NO_UNDANGAN, IS_TGL_AWAL, IS_WAKTU_AWAL, IS_TGL_AKHIR, IS_WAKTU_AKHIR, IS_LOKASI) VALUES(12, 26, 1, 0, 1, 1, 1, 1, 1);
INSERT INTO T5_REGISTRASI_JADWAL_THP_PENGADAAN (REGISTRASIJADWAL_ID, TAHAPAN_PENGADAAN_ID, IS_JADWAL, IS_NO_UNDANGAN, IS_TGL_AWAL, IS_WAKTU_AWAL, IS_TGL_AKHIR, IS_WAKTU_AKHIR, IS_LOKASI) VALUES(13, 28, 1, 0, 1, 1, 1, 1, 1);
INSERT INTO T5_REGISTRASI_JADWAL_THP_PENGADAAN (REGISTRASIJADWAL_ID, TAHAPAN_PENGADAAN_ID, IS_JADWAL, IS_NO_UNDANGAN, IS_TGL_AWAL, IS_WAKTU_AWAL, IS_TGL_AKHIR, IS_WAKTU_AKHIR, IS_LOKASI) VALUES(14, 29, 1, 0, 1, 1, 1, 1, 0);
INSERT INTO T5_REGISTRASI_JADWAL_THP_PENGADAAN (REGISTRASIJADWAL_ID, TAHAPAN_PENGADAAN_ID, IS_JADWAL, IS_NO_UNDANGAN, IS_TGL_AWAL, IS_WAKTU_AWAL, IS_TGL_AKHIR, IS_WAKTU_AKHIR, IS_LOKASI) VALUES(15, 30, 1, 0, 1, 1, 1, 1, 0);
INSERT INTO T5_REGISTRASI_JADWAL_THP_PENGADAAN (REGISTRASIJADWAL_ID, TAHAPAN_PENGADAAN_ID, IS_JADWAL, IS_NO_UNDANGAN, IS_TGL_AWAL, IS_WAKTU_AWAL, IS_TGL_AKHIR, IS_WAKTU_AKHIR, IS_LOKASI) VALUES(16, 31, 1, 0, 1, 1, 1, 1, 0);
INSERT INTO T5_REGISTRASI_JADWAL_THP_PENGADAAN (REGISTRASIJADWAL_ID, TAHAPAN_PENGADAAN_ID, IS_JADWAL, IS_NO_UNDANGAN, IS_TGL_AWAL, IS_WAKTU_AWAL, IS_TGL_AKHIR, IS_WAKTU_AKHIR, IS_LOKASI) VALUES(17, 32, 1, 0, 1, 1, 1, 1, 0);
INSERT INTO T5_REGISTRASI_JADWAL_THP_PENGADAAN (REGISTRASIJADWAL_ID, TAHAPAN_PENGADAAN_ID, IS_JADWAL, IS_NO_UNDANGAN, IS_TGL_AWAL, IS_WAKTU_AWAL, IS_TGL_AKHIR, IS_WAKTU_AKHIR, IS_LOKASI) VALUES(18, 34, 1, 0, 1, 1, 1, 1, 1);
INSERT INTO T5_REGISTRASI_JADWAL_THP_PENGADAAN (REGISTRASIJADWAL_ID, TAHAPAN_PENGADAAN_ID, IS_JADWAL, IS_NO_UNDANGAN, IS_TGL_AWAL, IS_WAKTU_AWAL, IS_TGL_AKHIR, IS_WAKTU_AKHIR, IS_LOKASI) VALUES(20, 37, 1, 0, 1, 1, 1, 1, 0);

INSERT INTO T5_REGISTRASI_JADWAL_THP_PENGADAAN (REGISTRASIJADWAL_ID, TAHAPAN_PENGADAAN_ID, IS_JADWAL, IS_NO_UNDANGAN, IS_TGL_AWAL, IS_WAKTU_AWAL, IS_TGL_AKHIR, IS_WAKTU_AKHIR, IS_LOKASI) VALUES(21, 45, 1, 0, 1, 1, 1, 1, 0);
INSERT INTO T5_REGISTRASI_JADWAL_THP_PENGADAAN (REGISTRASIJADWAL_ID, TAHAPAN_PENGADAAN_ID, IS_JADWAL, IS_NO_UNDANGAN, IS_TGL_AWAL, IS_WAKTU_AWAL, IS_TGL_AKHIR, IS_WAKTU_AKHIR, IS_LOKASI) VALUES(22, 46, 1, 0, 1, 1, 1, 1, 1);
INSERT INTO T5_REGISTRASI_JADWAL_THP_PENGADAAN (REGISTRASIJADWAL_ID, TAHAPAN_PENGADAAN_ID, IS_JADWAL, IS_NO_UNDANGAN, IS_TGL_AWAL, IS_WAKTU_AWAL, IS_TGL_AKHIR, IS_WAKTU_AKHIR, IS_LOKASI) VALUES(23, 48, 1, 0, 1, 1, 1, 1, 1);
INSERT INTO T5_REGISTRASI_JADWAL_THP_PENGADAAN (REGISTRASIJADWAL_ID, TAHAPAN_PENGADAAN_ID, IS_JADWAL, IS_NO_UNDANGAN, IS_TGL_AWAL, IS_WAKTU_AWAL, IS_TGL_AKHIR, IS_WAKTU_AKHIR, IS_LOKASI) VALUES(24, 49, 1, 0, 1, 1, 1, 1, 0);
INSERT INTO T5_REGISTRASI_JADWAL_THP_PENGADAAN (REGISTRASIJADWAL_ID, TAHAPAN_PENGADAAN_ID, IS_JADWAL, IS_NO_UNDANGAN, IS_TGL_AWAL, IS_WAKTU_AWAL, IS_TGL_AKHIR, IS_WAKTU_AKHIR, IS_LOKASI) VALUES(25, 50, 1, 0, 1, 1, 1, 1, 0);
INSERT INTO T5_REGISTRASI_JADWAL_THP_PENGADAAN (REGISTRASIJADWAL_ID, TAHAPAN_PENGADAAN_ID, IS_JADWAL, IS_NO_UNDANGAN, IS_TGL_AWAL, IS_WAKTU_AWAL, IS_TGL_AKHIR, IS_WAKTU_AKHIR, IS_LOKASI) VALUES(26, 51, 1, 0, 1, 1, 1, 1, 0);
INSERT INTO T5_REGISTRASI_JADWAL_THP_PENGADAAN (REGISTRASIJADWAL_ID, TAHAPAN_PENGADAAN_ID, IS_JADWAL, IS_NO_UNDANGAN, IS_TGL_AWAL, IS_WAKTU_AWAL, IS_TGL_AKHIR, IS_WAKTU_AKHIR, IS_LOKASI) VALUES(27, 52, 1, 0, 1, 1, 1, 1, 0);
INSERT INTO T5_REGISTRASI_JADWAL_THP_PENGADAAN (REGISTRASIJADWAL_ID, TAHAPAN_PENGADAAN_ID, IS_JADWAL, IS_NO_UNDANGAN, IS_TGL_AWAL, IS_WAKTU_AWAL, IS_TGL_AKHIR, IS_WAKTU_AKHIR, IS_LOKASI) VALUES(28, 54, 1, 0, 1, 1, 1, 1, 1);
INSERT INTO T5_REGISTRASI_JADWAL_THP_PENGADAAN (REGISTRASIJADWAL_ID, TAHAPAN_PENGADAAN_ID, IS_JADWAL, IS_NO_UNDANGAN, IS_TGL_AWAL, IS_WAKTU_AWAL, IS_TGL_AKHIR, IS_WAKTU_AKHIR, IS_LOKASI) VALUES(30, 57, 1, 0, 1, 1, 1, 1, 0);
INSERT INTO SEQUENCE VALUES ('T5_REGISTRASI_JADWAL_THP_PENGADAAN', 100);
#EmailNotifikationStatus
INSERT INTO T1_EMAIL_NOTIFICATION_STATUS (EMAILNOTIFYSTATUS_ID, STATUS_AKTIF) values (1,0);
INSERT INTO SEQUENCE VALUES('T1_EMAIL_NOTIFICATION_STATUS', 100);
#MasterEmail
INSERT INTO promise_t2_master_email_notification(MASTEREMAILNOTIFY_ID, CREATED, DELETED, ISDELETE, NAMA, NOTIFIKASI_TGL_SEBELUM, NOTIFIKASI_TGL_SESUDAH, TEMPLATE_EMAIL, UPDATED, USERID, ROLE_ID, TAHAPAN_ID) VALUES(1, '2015-11-20 07:42:21.0', NULL, 0, 'Konfirmasi Pendaftaran Pengadaan', 0, 0, '<p>Yth. {Vendor.nama},</p><p>Selamat anda telah terdaftar sebagai perserta Pengadaan <b>{Pengadaan.namaPengadaan}</b> dengan Nomor Pengadaan <span><b>{Pengadaan.<span>nomorNotaDinas</span>}</b></span>.</p><p><br/></p><p><span>Terimakasih<span class="Apple-converted-space">&#160;</span></span>,</p><p>{Panitia.nama}</p>', '2015-11-30 13:06:18.0', 0, 2, 5);
INSERT INTO promise_t2_master_email_notification(MASTEREMAILNOTIFY_ID, CREATED, DELETED, ISDELETE, NAMA, NOTIFIKASI_TGL_SEBELUM, NOTIFIKASI_TGL_SESUDAH, TEMPLATE_EMAIL, UPDATED, USERID, ROLE_ID, TAHAPAN_ID) VALUES(2, '2015-11-30 12:31:11.0', NULL, 0, 'Undangan Pengadaan', 0, 0, '<p>Yth. {Vendor.nama},</p><p>Anda terpilih sebagai peserta pengadaan {Pengadaan.namaPengadaan} dengan Nomor Pengadaan <span><b>{Pengadaan.<span>nomorNotaDinas</span>}</b></span>. Silahkan melakukan Konfirmasi Pendaftar pada menu Undangan Pengadaan di aplikasi PROMISE.</p><p><br/></p><p>Terimakasih,</p><p>{Panitia.nama}</p>', '2015-11-30 13:06:54.0', NULL, 2, 1);
INSERT INTO promise_t2_master_email_notification(MASTEREMAILNOTIFY_ID, CREATED, DELETED, ISDELETE, NAMA, NOTIFIKASI_TGL_SEBELUM, NOTIFIKASI_TGL_SESUDAH, TEMPLATE_EMAIL, UPDATED, USERID, ROLE_ID, TAHAPAN_ID) VALUES(3, '2015-11-30 12:31:11.0', NULL, 0, 'Penetapan Pemenang', 0, 0, '<p>Yth. {Vendor.nama},</p><p>Sebelumnya kami ucapkan terimakasih atas partisipasinya dalam proses pengadaan {Pengadaan.namaPengadaan} dengan nomor {Pengadaan.nomorNotaDinas}. Berikut ini adalah informasi hasil Penetapan Pemenang Pengadaan {Pengadaan.nama} : {PenetepanPemenang.hasil}<br/><br/></p><p>Terimakasih,</p><p>{Panitia.nama}</p>', '2015-11-30 12:39:34.0', NULL, 2, 17);
INSERT INTO promise_t2_master_email_notification(MASTEREMAILNOTIFY_ID, CREATED, DELETED, ISDELETE, NAMA, NOTIFIKASI_TGL_SEBELUM, NOTIFIKASI_TGL_SESUDAH, TEMPLATE_EMAIL, UPDATED, USERID, ROLE_ID, TAHAPAN_ID) VALUES(4, '2015-11-30 12:31:11.0', NULL, 0, 'Negosiasi Pengadaan (Pengingat)', 2, 0, '<p>Yth. {Panitia.nama},</p><p>Menginformasikan bahwa pengadaan {Pengadaan.namaPengadaan} dengan nomor {Pengadaan.nomorNotaDinas} pada hari {JadwalPengadaan.tanggal} memasuki tahapan proses Negosiasi Pengadaan.&#160;</p><p><br/></p><p>Terimakasih,</p><p>PROMISE Administrasi</p>', NULL, NULL, 1, 5);

INSERT INTO SEQUENCE VALUES('T2_MASTER_EMAIL_NOTIFICATION', 100);
#Bidang Usaha
DELETE FROM T1_BIDANG_USAHA;
INSERT INTO T1_BIDANG_USAHA (BIDANG_USAHA_ID, PARENT_ID, NAMA) VALUES (1, 0, 'Telekomunikasi dan Teknologi Informasi');
INSERT INTO T1_BIDANG_USAHA (BIDANG_USAHA_ID, PARENT_ID, NAMA) VALUES (2, 1, 'Teknologi Jaringan');
INSERT INTO T1_BIDANG_USAHA (BIDANG_USAHA_ID, PARENT_ID, NAMA) VALUES (3, 1, 'Teknologi Software');
INSERT INTO T1_BIDANG_USAHA (BIDANG_USAHA_ID, PARENT_ID, NAMA) VALUES (4, 1, 'Teknologi Hardware');
INSERT INTO T1_BIDANG_USAHA (BIDANG_USAHA_ID, PARENT_ID, NAMA) VALUES (5, 0, 'Konstruksi Bangunan Sipil');
INSERT INTO T1_BIDANG_USAHA (BIDANG_USAHA_ID, PARENT_ID, NAMA) VALUES (6, 5, 'Struktur Design');
insert into SEQUENCE values ('T1_BIDANG_USAHA', 7);

#Sub Bidang Usaha
DELETE FROM T2_SUB_BIDANG_USAHA;
INSERT INTO T2_SUB_BIDANG_USAHA (SUB_BIDANG_USAHA_ID, BIDANG_USAHA_ID, NAMA) VALUES (1, 1, 'INTERNET SERVICE PROVIDER');
INSERT INTO T2_SUB_BIDANG_USAHA (SUB_BIDANG_USAHA_ID, BIDANG_USAHA_ID, NAMA) VALUES (2, 1, 'TELEKOMUNIKASI TANPA KABEL');
INSERT INTO T2_SUB_BIDANG_USAHA (SUB_BIDANG_USAHA_ID, BIDANG_USAHA_ID, NAMA) VALUES (3, 1, 'TELEKOMUNIKASI DENGAN KABEL');
INSERT INTO T2_SUB_BIDANG_USAHA (SUB_BIDANG_USAHA_ID, BIDANG_USAHA_ID, NAMA) VALUES (4, 5, 'Struktur Beton');
insert into SEQUENCE values ('T2_SUB_BIDANG_USAHA', 5);

#Item
#Item Type
DELETE FROM T1_ITEM_TYPE;
INSERT INTO T1_ITEM_TYPE (ITEM_TYPE_ID, NAMA) VALUES(1,'MATERIAL');
INSERT INTO T1_ITEM_TYPE (ITEM_TYPE_ID, NAMA) VALUES(2,'JASA');
INSERT INTO SEQUENCE VALUES ('T1_ITEM_TYPE', 3);
#Item Group
DELETE FROM T1_ITEMGROUP;
INSERT INTO T1_ITEMGROUP (ITEM_GROUP_ID, PARENT_ID, NAMA) VALUES (1, 0, 'KOMPUTER');
INSERT INTO T1_ITEMGROUP (ITEM_GROUP_ID, PARENT_ID, NAMA) VALUES (2, 0, 'LAIN-LAIN');
INSERT INTO SEQUENCE VALUES('T1_ITEMGROUP',3);
#SATUAN
DELETE FROM T1_SATUAN;
INSERT INTO T1_SATUAN (SATUAN_ID, NAMA) VALUES (1, 'UNIT');
INSERT INTO T1_SATUAN (SATUAN_ID, NAMA) VALUES (2, 'BUAH');
INSERT INTO T1_SATUAN (SATUAN_ID, NAMA) VALUES (3, 'SET');
INSERT INTO T1_SATUAN (SATUAN_ID, NAMA) VALUES (4, 'ROLL');
INSERT INTO T1_SATUAN (SATUAN_ID, NAMA) VALUES (5, 'DLL');
INSERT INTO SEQUENCE VALUES('T1_SATUAN',6);
#ITEM
DELETE FROM T2_ITEM;
INSERT INTO T2_ITEM (ITEM_ID, NAMA, KODE, DESKRIPSI, SATUAN_ID, ITEM_TYPE_ID, ITEM_GROUP_ID) VALUES (1, 'POWER SUPPLY KOMPUTER MERK SIMBADA 450 Watt 2 SATA', '43.010.003.0018', '', 1, 1, 1);
INSERT INTO T2_ITEM (ITEM_ID, NAMA, KODE, DESKRIPSI, SATUAN_ID, ITEM_TYPE_ID, ITEM_GROUP_ID) VALUES (2, 'KOMPUTER, DESKTOP PC, Intel Core i-5; Board Intel Chipset; VGA RAM 1GB, HDMI Port; HD 500 GB; DDR3 4GB', '62.003.002.0082', '', 3, 1, 1);
INSERT INTO T2_ITEM (ITEM_ID, NAMA, KODE, DESKRIPSI, SATUAN_ID, ITEM_TYPE_ID, ITEM_GROUP_ID) VALUES (3, 'KABEL KOMPUTER VGA 20 MTR', '25.004.004.0007', '', 4, 1, 1);
INSERT INTO T2_ITEM (ITEM_ID, NAMA, KODE, DESKRIPSI, SATUAN_ID, ITEM_TYPE_ID, ITEM_GROUP_ID) VALUES (4, 'KOMPUTER MOTHERBOARD INTEL DH55PJ INTEL CORE I3 540/550 SOCKET LGA1156 HDD SATA SEAGATE BARRACUDA 160/250 GB RAM 2048 MB (2GB) DDR3 PC-10600/10666 OPTIC DISK SAMSUNG / LG MONITOR LCD SAMSUNG SYNCMASTER B1630N / LCD LG FLATRON W1642S KEYBOARD LOGITECH', '62.003.002.0050', '', 1, 1, 1);
INSERT INTO T2_ITEM (ITEM_ID, NAMA, KODE, DESKRIPSI, SATUAN_ID, ITEM_TYPE_ID, ITEM_GROUP_ID) VALUES (5, 'JASA SEWA KOMPUTER + LAPTOP PERIODE JULI S/D DESEMBER 2015 RND', '62.003.002.0052', '', 1, 2, 1);
INSERT INTO T2_ITEM (ITEM_ID, NAMA, KODE, DESKRIPSI, SATUAN_ID, ITEM_TYPE_ID, ITEM_GROUP_ID) VALUES (6, 'PEMBERSIH KOMPUTER LCD CLEANER MERK CRYSTAL SCREEN', '61.001.021.0003', '', 3, 1, 1);
INSERT INTO SEQUENCE VALUES('T2_ITEM',7);
#MENU
DELETE FROM T1_MENU;
INSERT INTO T1_MENU (MENU_ID, CREATED, DELETED, ISDELETE, NAMA, PARENT_ID, PATH, UPDATED, USERID, ICON) VALUES(1, '2015-11-19 17:00:00', NULL, 0, 'Proses Pengadaan', NULL, NULL, NULL, NULL, 'icon-head');
INSERT INTO T1_MENU (MENU_ID, CREATED, DELETED, ISDELETE, NAMA, PARENT_ID, PATH, UPDATED, USERID, ICON) VALUES(2, '2015-11-21 08:19:47', NULL, 0, 'Pengadaan', 1, 'app.promise.procurement-inisialisasi', NULL, NULL, 'icon-play');
INSERT INTO T1_MENU (MENU_ID, CREATED, DELETED, ISDELETE, NAMA, PARENT_ID, PATH, UPDATED, USERID, ICON) VALUES(3, '2015-11-21 08:14:30', NULL, 0, 'Pengadaan Private Sector', 1, 'app.promise.procurement-panitia-penjelasan', NULL, NULL, 'icon-play');
INSERT INTO T1_MENU (MENU_ID, CREATED, DELETED, ISDELETE, NAMA, PARENT_ID, PATH, UPDATED, USERID, ICON) VALUES(4, '2015-11-26 16:31:11', NULL, 0, 'Manajemen SPK', NULL, NULL, NULL, NULL, 'icon-paper-stack');
INSERT INTO T1_MENU (MENU_ID, CREATED, DELETED, ISDELETE, NAMA, PARENT_ID, PATH, UPDATED, USERID, ICON) VALUES(5, '2015-11-26 16:32:57', NULL, 0, 'Pembuatan SPK', 4, 'app.promise.procurement-panitia-spk', NULL, NULL, 'icon-play');
INSERT INTO T1_MENU (MENU_ID, CREATED, DELETED, ISDELETE, NAMA, PARENT_ID, PATH, UPDATED, USERID, ICON) VALUES(6, '2015-11-26 16:33:20', NULL, 0, 'Monitoring SPK', 4, 'app.promise.procurement-panitia-spk-index', NULL, NULL, 'icon-play');
INSERT INTO T1_MENU (MENU_ID, CREATED, DELETED, ISDELETE, NAMA, PARENT_ID, PATH, UPDATED, USERID, ICON) VALUES(7, '2015-11-30 04:46:19', NULL, 0, 'Jadwal Pengadaan', 1, 'app.promise.procurement-jadwalpengadaan', '2015-11-30 11:51:05', 0, 'icon-play');
INSERT INTO T1_MENU (MENU_ID, CREATED, DELETED, ISDELETE, NAMA, PARENT_ID, PATH, UPDATED, USERID, ICON) VALUES(8, '2015-11-30 04:53:25', NULL, 0, 'Pengambilan Dokumen', 1, 'app.promise.procurement-panitia-pengambilandokumen', NULL, 0, 'icon-play');
INSERT INTO T1_MENU (MENU_ID, CREATED, DELETED, ISDELETE, NAMA, PARENT_ID, PATH, UPDATED, USERID, ICON) VALUES(9, '2015-11-30 04:54:06', NULL, 0, 'Kriteria Evaluasi', 1, 'app.promise.procurement-panitia-kriteriaEvaluasi', NULL, 0, 'icon-play');
INSERT INTO T1_MENU (MENU_ID, CREATED, DELETED, ISDELETE, NAMA, PARENT_ID, PATH, UPDATED, USERID, ICON) VALUES(10, '2015-11-30 04:54:27', NULL, 0, 'Penjelasan', 1, 'app.promise.procurement-panitia-penjelasan', NULL, 0, 'icon-play');
INSERT INTO T1_MENU (MENU_ID, CREATED, DELETED, ISDELETE, NAMA, PARENT_ID, PATH, UPDATED, USERID, ICON) VALUES(11, '2015-11-30 04:54:59', NULL, 0, 'Pemasukan Penawaran', 1, 'app.promise.procurement-panitia-pemasukanPenawaran', NULL, 0, 'icon-play');
INSERT INTO T1_MENU (MENU_ID, CREATED, DELETED, ISDELETE, NAMA, PARENT_ID, PATH, UPDATED, USERID, ICON) VALUES(12, '2015-11-30 06:54:53', NULL, 0, 'Pembukaan Penawaran', 1, 'app.promise.procurement-panitia-pembukaanPenawaran', NULL, 0, 'icon-play');
INSERT INTO T1_MENU (MENU_ID, CREATED, DELETED, ISDELETE, NAMA, PARENT_ID, PATH, UPDATED, USERID, ICON) VALUES(13, '2015-11-30 06:55:20', NULL, 0, 'Evaluasi Administrasi', 1, 'app.promise.procurement-panitia-evaluasiAdministrasi', '2015-11-30 14:10:12', 0, 'icon-play');
INSERT INTO T1_MENU (MENU_ID, CREATED, DELETED, ISDELETE, NAMA, PARENT_ID, PATH, UPDATED, USERID, ICON) VALUES(14, '2015-11-30 06:55:39', NULL, 0, 'Evaluasi Teknis', 1, 'app.promise.procurement-panitia-evaluasiteknis', NULL, 0, 'icon-play');
INSERT INTO T1_MENU (MENU_ID, CREATED, DELETED, ISDELETE, NAMA, PARENT_ID, PATH, UPDATED, USERID, ICON) VALUES(15, '2015-11-30 06:56:09', NULL, 0, 'Evaluasi Harga Auction', 1, 'app.promise.procurement-panitia-evaluasiharga-auction', NULL, 0, 'icon-play');
INSERT INTO T1_MENU (MENU_ID, CREATED, DELETED, ISDELETE, NAMA, PARENT_ID, PATH, UPDATED, USERID, ICON) VALUES(16, '2015-11-30 06:56:32', NULL, 0, 'Evaluasi Harga Bidding', 1, 'app.promise.procurement-panitia-evaluasiharga-bidding', NULL, 0, 'icon-play');
INSERT INTO T1_MENU (MENU_ID, CREATED, DELETED, ISDELETE, NAMA, PARENT_ID, PATH, UPDATED, USERID, ICON) VALUES(17, '2015-11-30 06:56:51', NULL, 0, 'Negosiasi', 1, 'app.promise.procurement-panitia-negosiasi', NULL, 0, 'icon-play');
INSERT INTO T1_MENU (MENU_ID, CREATED, DELETED, ISDELETE, NAMA, PARENT_ID, PATH, UPDATED, USERID, ICON) VALUES(18, '2015-11-30 06:57:06', NULL, 0, 'Penetapan Pemenang', 1, 'app.promise.procurement-panitia-penetapanpemenang', NULL, 0, 'icon-play');
INSERT INTO T1_MENU (MENU_ID, CREATED, DELETED, ISDELETE, NAMA, PARENT_ID, PATH, UPDATED, USERID, ICON) VALUES(19, '2015-11-30 06:59:26', NULL, 0, 'Master Data', NULL, NULL, NULL, NULL, 'icon-server');
INSERT INTO T1_MENU (MENU_ID, CREATED, DELETED, ISDELETE, NAMA, PARENT_ID, PATH, UPDATED, USERID, ICON) VALUES(20, '2015-11-30 07:00:29', NULL, 0, 'Setting', NULL, NULL, NULL, NULL, 'icon-cog');
INSERT INTO T1_MENU (MENU_ID, CREATED, DELETED, ISDELETE, NAMA, PARENT_ID, PATH, UPDATED, USERID, ICON) VALUES(21, '2015-11-30 07:07:28', NULL, 0, 'Tipe Item', 19, 'app.promise.procurement-master-itemtype', NULL, 0, 'icon-play');
INSERT INTO T1_MENU (MENU_ID, CREATED, DELETED, ISDELETE, NAMA, PARENT_ID, PATH, UPDATED, USERID, ICON) VALUES(22, '2015-11-30 07:07:58', NULL, 0, 'Item Group', 19, 'app.promise.procurement-master-itemgroup', NULL, 0, 'icon-play');
INSERT INTO T1_MENU (MENU_ID, CREATED, DELETED, ISDELETE, NAMA, PARENT_ID, PATH, UPDATED, USERID, ICON) VALUES(23, '2015-11-30 07:08:21', NULL, 0, 'Item', 19, 'app.promise.procurement-master-item', NULL, 0, 'icon-play');
INSERT INTO T1_MENU (MENU_ID, CREATED, DELETED, ISDELETE, NAMA, PARENT_ID, PATH, UPDATED, USERID, ICON) VALUES(24, '2015-11-30 07:09:13', NULL, 0, 'Bidang Usaha', 19, 'app.promise.procurement-master-bidangusaha', NULL, 0, 'icon-play');
INSERT INTO T1_MENU (MENU_ID, CREATED, DELETED, ISDELETE, NAMA, PARENT_ID, PATH, UPDATED, USERID, ICON) VALUES(25, '2015-11-30 07:12:01', NULL, 0, 'Sub Bidang Usaha', 19, 'app.promise.procurement-master-subbidangusaha', NULL, 0, 'icon-play');
INSERT INTO T1_MENU (MENU_ID, CREATED, DELETED, ISDELETE, NAMA, PARENT_ID, PATH, UPDATED, USERID, ICON) VALUES(26, '2015-11-30 07:12:41', NULL, 0, 'Kriteria Administrasi', 19, 'app.promise.procurement-master-kriteriaAdministrasi', NULL, 0, 'icon-play');
INSERT INTO T1_MENU (MENU_ID, CREATED, DELETED, ISDELETE, NAMA, PARENT_ID, PATH, UPDATED, USERID, ICON) VALUES(27, '2015-11-30 07:13:01', NULL, 0, 'Kriteria Teknis', 19, 'app.promise.procurement-master-kriteriaTeknis', NULL, 0, 'icon-play');
INSERT INTO T1_MENU (MENU_ID, CREATED, DELETED, ISDELETE, NAMA, PARENT_ID, PATH, UPDATED, USERID, ICON) VALUES(28, '2015-11-30 07:13:34', NULL, 0, 'User', 19, 'app.promise.procurement-master-user', NULL, 0, 'icon-play');
INSERT INTO T1_MENU (MENU_ID, CREATED, DELETED, ISDELETE, NAMA, PARENT_ID, PATH, UPDATED, USERID, ICON) VALUES(29, '2015-11-30 07:14:01', NULL, 0, 'Pelaksana Pengadaan', 19, 'app.promise.procurement-master-pelaksanapengadaan', NULL, 0, 'icon-play');
INSERT INTO T1_MENU (MENU_ID, CREATED, DELETED, ISDELETE, NAMA, PARENT_ID, PATH, UPDATED, USERID, ICON) VALUES(30, '2015-11-30 07:14:34', NULL, 0, 'Organisasi', 20, 'app.promise.procurement-master-organisasi', NULL, 0, 'icon-play');
INSERT INTO T1_MENU (MENU_ID, CREATED, DELETED, ISDELETE, NAMA, PARENT_ID, PATH, UPDATED, USERID, ICON) VALUES(31, '2015-11-30 07:14:53', NULL, 0, 'Tahapan', 20, 'app.promise.procurement-master-tahapan', NULL, 0, 'icon-play');
INSERT INTO T1_MENU (MENU_ID, CREATED, DELETED, ISDELETE, NAMA, PARENT_ID, PATH, UPDATED, USERID, ICON) VALUES(32, '2015-11-30 07:15:14', NULL, 0, 'Kondisi Pengadaan', 20, 'app.promise.procurement-master-kondisipengadaan', NULL, 0, 'icon-play');
INSERT INTO T1_MENU (MENU_ID, CREATED, DELETED, ISDELETE, NAMA, PARENT_ID, PATH, UPDATED, USERID, ICON) VALUES(33, '2015-11-30 07:15:33', NULL, 0, 'Alur Pengadaan', 20, 'app.promise.procurement-master-alurpengadaan', NULL, 0, 'icon-play');
INSERT INTO T1_MENU (MENU_ID, CREATED, DELETED, ISDELETE, NAMA, PARENT_ID, PATH, UPDATED, USERID, ICON) VALUES(34, '2015-11-30 07:16:21', NULL, 0, 'Registrasi Jadwal Tahapan Pengadaan', 20, 'app.promise.procurement-master-registrasijadwaltahapanpengadaan', NULL, 0, 'icon-play');
INSERT INTO T1_MENU (MENU_ID, CREATED, DELETED, ISDELETE, NAMA, PARENT_ID, PATH, UPDATED, USERID, ICON) VALUES(35, '2015-11-30 07:16:59', NULL, 0, 'Kategori Pengadaan', 20, 'app.promise.procurement-master-kategoripengadaan', NULL, 0, 'icon-play');
INSERT INTO T1_MENU (MENU_ID, CREATED, DELETED, ISDELETE, NAMA, PARENT_ID, PATH, UPDATED, USERID, ICON) VALUES(36, '2015-11-30 07:17:26', NULL, 0, 'Termin Kontrak', 20, 'app.promise.procurement-master-terminkontrak', NULL, 0, 'icon-play');
INSERT INTO T1_MENU (MENU_ID, CREATED, DELETED, ISDELETE, NAMA, PARENT_ID, PATH, UPDATED, USERID, ICON) VALUES(37, '2015-11-30 07:17:52', NULL, 0, 'Vendor Requirement', 20, 'app.promise.procurement-master-vendorrequirement', NULL, 0, 'icon-play');
INSERT INTO T1_MENU (MENU_ID, CREATED, DELETED, ISDELETE, NAMA, PARENT_ID, PATH, UPDATED, USERID, ICON) VALUES(38, '2015-11-30 07:18:27', NULL, 0, 'Emai Notifikasi', 20, 'app.promise.procurement-master-emailnotification', NULL, 0, 'icon-play');
INSERT INTO T1_MENU (MENU_ID, CREATED, DELETED, ISDELETE, NAMA, PARENT_ID, PATH, UPDATED, USERID, ICON) VALUES(39, '2015-11-30 07:18:58', NULL, 0, 'Email SMTP Server', 20, 'app.promise.procurement-master-emailsmtp', NULL, 0, 'icon-play');
INSERT INTO T1_MENU (MENU_ID, CREATED, DELETED, ISDELETE, NAMA, PARENT_ID, PATH, UPDATED, USERID, ICON) VALUES(40, '2015-11-30 07:19:46', NULL, 0, 'Conditional Price', 20, 'app.promise.procurement-master-conditionalprize', NULL, 0, 'icon-play');
INSERT INTO T1_MENU (MENU_ID, CREATED, DELETED, ISDELETE, NAMA, PARENT_ID, PATH, UPDATED, USERID, ICON) VALUES(41, '2015-11-30 07:20:08', NULL, 0, 'Jabatan', 20, 'app.promise.procurement-master-jabatan', NULL, 0, 'icon-play');
INSERT INTO T1_MENU (MENU_ID, CREATED, DELETED, ISDELETE, NAMA, PARENT_ID, PATH, UPDATED, USERID, ICON) VALUES(42, '2015-11-30 07:20:27', NULL, 0, 'Jenis Pajak', 20, 'app.promise.procurement-master-jenispajak', NULL, 0, 'icon-play');
INSERT INTO T1_MENU (MENU_ID, CREATED, DELETED, ISDELETE, NAMA, PARENT_ID, PATH, UPDATED, USERID, ICON) VALUES(43, '2015-11-30 07:20:50', NULL, 0, 'Jenis Penawaran', 20, 'app.promise.procurement-master-jenispenawaran', NULL, 0, 'icon-play');
INSERT INTO T1_MENU (MENU_ID, CREATED, DELETED, ISDELETE, NAMA, PARENT_ID, PATH, UPDATED, USERID, ICON) VALUES(44, '2015-11-30 07:21:17', NULL, 0, 'Jenis Pengadaan', 20, 'app.promise.procurement-master-jenisPengadaan', NULL, 0, 'icon-play');
INSERT INTO T1_MENU (MENU_ID, CREATED, DELETED, ISDELETE, NAMA, PARENT_ID, PATH, UPDATED, USERID, ICON) VALUES(45, '2015-11-30 07:21:49', NULL, 0, 'Kualifikasi Pengadaan', 20, 'app.promise.procurement-master-kualifikasipengadaan', NULL, 0, 'icon-play');
INSERT INTO T1_MENU (MENU_ID, CREATED, DELETED, ISDELETE, NAMA, PARENT_ID, PATH, UPDATED, USERID, ICON) VALUES(46, '2015-11-30 07:22:10', NULL, 0, 'Kualifikasi Vendor', 20, 'app.promise.procurement-master-kualifikasivendor', '2015-11-30 14:22:45', 0, 'icon-play');
INSERT INTO T1_MENU (MENU_ID, CREATED, DELETED, ISDELETE, NAMA, PARENT_ID, PATH, UPDATED, USERID, ICON) VALUES(47, '2015-11-30 07:23:07', NULL, 0, 'Metode Penawaran Harga', 20, 'app.promise.procurement-master-metodepenawaranharga', NULL, 0, 'icon-play');
INSERT INTO T1_MENU (MENU_ID, CREATED, DELETED, ISDELETE, NAMA, PARENT_ID, PATH, UPDATED, USERID, ICON) VALUES(48, '2015-11-30 07:23:30', NULL, 0, 'Metode Pengadaan', 20, 'app.promise.procurement-master-metodePengadaan', NULL, 0, 'icon-play');
INSERT INTO T1_MENU (MENU_ID, CREATED, DELETED, ISDELETE, NAMA, PARENT_ID, PATH, UPDATED, USERID, ICON) VALUES(49, '2015-11-30 07:23:52', NULL, 0, 'Pembuat Keputusan', 20, 'app.promise.procurement-master-pembuatkeputusan', NULL, 0, 'icon-play');
INSERT INTO T1_MENU (MENU_ID, CREATED, DELETED, ISDELETE, NAMA, PARENT_ID, PATH, UPDATED, USERID, ICON) VALUES(50, '2015-11-30 07:24:17', NULL, 0, 'Metode Penyampaian Dokumen Pengadaan', 20, 'app.promise.procurement-master-metodePenyampaianDokumenPengadaan', NULL, 0, 'icon-play');
INSERT INTO T1_MENU (MENU_ID, CREATED, DELETED, ISDELETE, NAMA, PARENT_ID, PATH, UPDATED, USERID, ICON) VALUES(51, '2015-11-30 07:24:43', NULL, 0, 'Sistem Evaluasi Penawaran', 20, 'app.promise.procurement-master-sistemevaluasipenawaran', NULL, 0, 'icon-play');
INSERT INTO T1_MENU (MENU_ID, CREATED, DELETED, ISDELETE, NAMA, PARENT_ID, PATH, UPDATED, USERID, ICON) VALUES(52, '2015-11-30 07:25:14', NULL, 0, 'Satuan', 20, 'app.promise.procurement-master-satuan', NULL, 0, 'icon-play');
INSERT INTO T1_MENU (MENU_ID, CREATED, DELETED, ISDELETE, NAMA, PARENT_ID, PATH, UPDATED, USERID, ICON) VALUES(53, '2015-11-30 07:25:35', NULL, 0, 'Mata Uang', 20, 'app.promise.procurement-master-matauang', NULL, 0, 'icon-play');
INSERT INTO T1_MENU (MENU_ID, CREATED, DELETED, ISDELETE, NAMA, PARENT_ID, PATH, UPDATED, USERID, ICON) VALUES(54, '2015-11-30 07:25:49', NULL, 0, 'Aksi', 20, 'app.promise.procurement-master-aksi', NULL, 0, 'icon-play');
INSERT INTO T1_MENU (MENU_ID, CREATED, DELETED, ISDELETE, NAMA, PARENT_ID, PATH, UPDATED, USERID, ICON) VALUES(55, '2015-11-30 07:26:13', NULL, 0, 'Menu', 20, 'app.promise.procurement-master-menu', NULL, 0, 'icon-play');
INSERT INTO T1_MENU (MENU_ID, CREATED, DELETED, ISDELETE, NAMA, PARENT_ID, PATH, UPDATED, USERID, ICON) VALUES(56, '2015-11-30 07:26:33', NULL, 0, 'Menu Aksi', 20, 'app.promise.procurement-master-menuaksi', NULL, 0, 'icon-play');
INSERT INTO T1_MENU (MENU_ID, CREATED, DELETED, ISDELETE, NAMA, PARENT_ID, PATH, UPDATED, USERID, ICON) VALUES(57, '2015-11-30 07:26:52', NULL, 0, 'Role Menu', 20, 'app.promise.procurement-master-rolemenu', NULL, 0, 'icon-play');
INSERT INTO T1_MENU (MENU_ID, CREATED, DELETED, ISDELETE, NAMA, PARENT_ID, PATH, UPDATED, USERID, ICON) VALUES(58, '2015-11-30 09:01:10', NULL, 0, 'Vendor Pengadaaan', NULL, NULL, NULL, NULL, 'icon-briefcase');
INSERT INTO T1_MENU (MENU_ID, CREATED, DELETED, ISDELETE, NAMA, PARENT_ID, PATH, UPDATED, USERID, ICON) VALUES(59, '2015-11-30 09:02:06', NULL, 0, 'Pengumuman Pengadaan', 58, 'appvendor.promise.procurement-vendor-pengumumanpengadaan', NULL, NULL, 'icon-play');
INSERT INTO T1_MENU (MENU_ID, CREATED, DELETED, ISDELETE, NAMA, PARENT_ID, PATH, UPDATED, USERID, ICON) VALUES(60, '2015-11-30 09:02:33', NULL, 0, 'Undangan Pengadaan', 58, 'appvendor.promise.procurement-undanganvendor', NULL, NULL, 'icon-play');
INSERT INTO T1_MENU (MENU_ID, CREATED, DELETED, ISDELETE, NAMA, PARENT_ID, PATH, UPDATED, USERID, ICON) VALUES(61, '2015-11-30 09:03:39', NULL, 0, 'Data Penawaran', NULL, 'appvendor.promise.procurement-vendor-datapenawaran', NULL, NULL, 'icon-play');
INSERT INTO T1_MENU (MENU_ID, CREATED, DELETED, ISDELETE, NAMA, PARENT_ID, PATH, UPDATED, USERID, ICON) VALUES(62, '2015-11-30 09:04:16', NULL, 0, 'Penawaran Harga', 58, 'appvendor.promise.procurement-vendor-penawaranharga', NULL, NULL, 'icon-play');
INSERT INTO T1_MENU (MENU_ID, CREATED, DELETED, ISDELETE, NAMA, PARENT_ID, PATH, UPDATED, USERID, ICON) VALUES(63, '2015-11-30 09:05:48', NULL, 0, 'Negosiasi', 58, 'appvendor.promise.procurement-vendor-negosiasi', NULL, NULL, 'icon-play');
INSERT INTO T1_MENU (MENU_ID, CREATED, DELETED, ISDELETE, NAMA, PARENT_ID, PATH, UPDATED, USERID, ICON) VALUES(64, '2015-11-30 09:06:45', NULL, 0, 'Penawaran Harga Auction', NULL, 'appvendor.promise.procurement-vendor-auctionvendortotal', NULL, NULL, 'icon-play');
INSERT INTO T1_MENU (MENU_ID, CREATED, DELETED, ISDELETE, NAMA, PARENT_ID, PATH, UPDATED, USERID, ICON) VALUES(65, '2015-11-30 09:07:53', NULL, 0, 'Setting', NULL, NULL, NULL, NULL, 'icon-cog');
INSERT INTO T1_MENU (MENU_ID, CREATED, DELETED, ISDELETE, NAMA, PARENT_ID, PATH, UPDATED, USERID, ICON) VALUES(66, '2015-11-30 09:09:56', NULL, 0, 'Data User', 65, 'appvendor.promise.procurement-vendor-datauser', NULL, NULL, 'icon-play');
INSERT INTO T1_MENU (MENU_ID, CREATED, DELETED, ISDELETE, NAMA, PARENT_ID, PATH, UPDATED, USERID, ICON) VALUES(67, '2015-11-30 09:10:57', NULL, 0, 'Data Perusahaan', 65, 'appvendor.promise.procurement-vendor-data-bank', NULL, NULL, 'icon-play');
INSERT INTO T1_MENU (MENU_ID, CREATED, DELETED, ISDELETE, NAMA, PARENT_ID, PATH, UPDATED, USERID, ICON) VALUES(68, '2015-11-30 09:11:32', NULL, 0, 'Data Pengalaman', 65, 'appvendor.promise.procurement-vendor-data-bank', NULL, NULL, 'icon-play');
INSERT INTO T1_MENU (MENU_ID, CREATED, DELETED, ISDELETE, NAMA, PARENT_ID, PATH, UPDATED, USERID, ICON) VALUES(69, '2015-11-30 09:12:05', NULL, 0, 'Data Bank', 65, 'appvendor.promise.procurement-vendor-data-bank', NULL, NULL, 'icon-play');
INSERT INTO T1_MENU (MENU_ID, CREATED, DELETED, ISDELETE, NAMA, PARENT_ID, PATH, UPDATED, USERID, ICON) VALUES(70, '2015-11-30 06:59:26', NULL, 0, 'Manajemen kontrak', NULL, NULL, NULL, NULL, 'icon-server');
INSERT INTO T1_MENU (MENU_ID, CREATED, DELETED, ISDELETE, NAMA, PARENT_ID, PATH, UPDATED, USERID, ICON) VALUES(71, '2015-11-21 08:19:47', NULL, 0, 'Buat kontrak', 70, 'app.promise.procurement-manajemenkontrak-viewdatapengadaan', NULL, NULL, 'icon-play');
INSERT INTO T1_MENU (MENU_ID, CREATED, DELETED, ISDELETE, NAMA, PARENT_ID, PATH, UPDATED, USERID, ICON) VALUES(72, '2015-11-21 08:19:47', NULL, 0, 'Edit Data Kontrak', 70, 'app.promise.procurement-manajemenkontrak-indexdatakontrak', NULL, NULL, 'icon-play');
INSERT INTO T1_MENU (MENU_ID, CREATED, DELETED, ISDELETE, NAMA, PARENT_ID, PATH, UPDATED, USERID, ICON) VALUES(73, '2015-11-30 06:59:26', NULL, 0, 'Manajemen Vendor', NULL, NULL, NULL, NULL, 'icon-head');
INSERT INTO T1_MENU (MENU_ID, CREATED, DELETED, ISDELETE, NAMA, PARENT_ID, PATH, UPDATED, USERID, ICON) VALUES(74, '2015-11-30 06:59:26', NULL, 0, 'Approval Vendor', 73, 'app.promise.procurement-vendor-approval', NULL, NULL, 'icon-play');
INSERT INTO T1_MENU (MENU_ID, CREATED, DELETED, ISDELETE, NAMA, PARENT_ID, PATH, UPDATED, USERID, ICON) VALUES(75, '2015-11-30 09:02:33', NULL, 0, 'Hasil Pengadaan', 58, 'appvendor.promise.procurement-hasilpengadaan', NULL, NULL, 'icon-play');
INSERT INTO T1_MENU (MENU_ID, CREATED, DELETED, ISDELETE, NAMA, PARENT_ID, PATH, UPDATED, USERID, ICON) VALUES(76, '2015-11-30 06:59:26', NULL, 0, 'Daftar Vendor', 73, 'app.promise.procurement-vendor-daftarvendor', NULL, NULL, 'icon-server');
INSERT INTO T1_MENU (MENU_ID, CREATED, DELETED, ISDELETE, NAMA, PARENT_ID, PATH, UPDATED, USERID, ICON) VALUES(77, '2015-11-30 09:02:33', NULL, 0, 'Rekap Pengadaan', 1, 'appvendor.promise.procurement-hasilpengadaan', NULL, NULL, 'icon-play');

#promise_t2_role_menu
DELETE FROM T2_ROLE_MENU;
INSERT INTO T2_ROLE_MENU (ROLE_MENU_ID, CREATED, DELETED, ISDELETE, UPDATED, USERID, MENU_ID, ROLE_ID, SEQUENCE) VALUES(1, '2015-11-20 11:38:39', NULL, 0, NULL, NULL, 2, 1, NULL);
INSERT INTO T2_ROLE_MENU (ROLE_MENU_ID, CREATED, DELETED, ISDELETE, UPDATED, USERID, MENU_ID, ROLE_ID, SEQUENCE) VALUES(2, '2015-11-21 08:38:14', NULL, 0, NULL, NULL, 3, 1, NULL);
INSERT INTO T2_ROLE_MENU (ROLE_MENU_ID, CREATED, DELETED, ISDELETE, UPDATED, USERID, MENU_ID, ROLE_ID, SEQUENCE) VALUES(3, '2015-11-26 18:23:17', NULL, 0, NULL, NULL, 5, 1, NULL);
INSERT INTO T2_ROLE_MENU (ROLE_MENU_ID, CREATED, DELETED, ISDELETE, UPDATED, USERID, MENU_ID, ROLE_ID, SEQUENCE) VALUES(4, '2015-11-26 18:23:45', NULL, 0, NULL, NULL, 6, 1, NULL);
INSERT INTO T2_ROLE_MENU (ROLE_MENU_ID, CREATED, DELETED, ISDELETE, UPDATED, USERID, MENU_ID, ROLE_ID, SEQUENCE) VALUES(5, '2015-11-30 07:43:50', NULL, 0, NULL, NULL, 7, 1, NULL);
INSERT INTO T2_ROLE_MENU (ROLE_MENU_ID, CREATED, DELETED, ISDELETE, UPDATED, USERID, MENU_ID, ROLE_ID, SEQUENCE) VALUES(6, '2015-11-30 07:43:50', NULL, 0, NULL, NULL, 8, 1, NULL);
INSERT INTO T2_ROLE_MENU (ROLE_MENU_ID, CREATED, DELETED, ISDELETE, UPDATED, USERID, MENU_ID, ROLE_ID, SEQUENCE) VALUES(7, '2015-11-30 07:43:50', NULL, 0, NULL, NULL, 9, 1, NULL);
INSERT INTO T2_ROLE_MENU (ROLE_MENU_ID, CREATED, DELETED, ISDELETE, UPDATED, USERID, MENU_ID, ROLE_ID, SEQUENCE) VALUES(8, '2015-11-30 07:43:50', NULL, 0, NULL, NULL, 10, 1, NULL);
INSERT INTO T2_ROLE_MENU (ROLE_MENU_ID, CREATED, DELETED, ISDELETE, UPDATED, USERID, MENU_ID, ROLE_ID, SEQUENCE) VALUES(9, '2015-11-30 07:43:50', NULL, 0, NULL, NULL, 11, 1, NULL);
INSERT INTO T2_ROLE_MENU (ROLE_MENU_ID, CREATED, DELETED, ISDELETE, UPDATED, USERID, MENU_ID, ROLE_ID, SEQUENCE) VALUES(10, '2015-11-30 07:43:50', NULL, 0, NULL, NULL, 12, 1, NULL);
INSERT INTO T2_ROLE_MENU (ROLE_MENU_ID, CREATED, DELETED, ISDELETE, UPDATED, USERID, MENU_ID, ROLE_ID, SEQUENCE) VALUES(11, '2015-11-30 07:43:50', NULL, 0, NULL, NULL, 13, 1, NULL);
INSERT INTO T2_ROLE_MENU (ROLE_MENU_ID, CREATED, DELETED, ISDELETE, UPDATED, USERID, MENU_ID, ROLE_ID, SEQUENCE) VALUES(12, '2015-11-30 07:43:50', NULL, 0, NULL, NULL, 14, 1, NULL);
INSERT INTO T2_ROLE_MENU (ROLE_MENU_ID, CREATED, DELETED, ISDELETE, UPDATED, USERID, MENU_ID, ROLE_ID, SEQUENCE) VALUES(13, '2015-11-30 07:43:50', NULL, 0, NULL, NULL, 15, 1, NULL);
INSERT INTO T2_ROLE_MENU (ROLE_MENU_ID, CREATED, DELETED, ISDELETE, UPDATED, USERID, MENU_ID, ROLE_ID, SEQUENCE) VALUES(14, '2015-11-30 07:43:50', NULL, 0, NULL, NULL, 16, 1, NULL);
INSERT INTO T2_ROLE_MENU (ROLE_MENU_ID, CREATED, DELETED, ISDELETE, UPDATED, USERID, MENU_ID, ROLE_ID, SEQUENCE) VALUES(15, '2015-11-30 07:43:50', NULL, 0, NULL, NULL, 17, 1, NULL);
INSERT INTO T2_ROLE_MENU (ROLE_MENU_ID, CREATED, DELETED, ISDELETE, UPDATED, USERID, MENU_ID, ROLE_ID, SEQUENCE) VALUES(16, '2015-11-30 07:43:50', NULL, 0, NULL, NULL, 18, 1, NULL);
INSERT INTO T2_ROLE_MENU (ROLE_MENU_ID, CREATED, DELETED, ISDELETE, UPDATED, USERID, MENU_ID, ROLE_ID, SEQUENCE) VALUES(19, '2015-11-30 07:43:50', NULL, 0, NULL, NULL, 21, 1, NULL);
INSERT INTO T2_ROLE_MENU (ROLE_MENU_ID, CREATED, DELETED, ISDELETE, UPDATED, USERID, MENU_ID, ROLE_ID, SEQUENCE) VALUES(20, '2015-11-30 07:43:50', NULL, 0, NULL, NULL, 22, 1, NULL);
INSERT INTO T2_ROLE_MENU (ROLE_MENU_ID, CREATED, DELETED, ISDELETE, UPDATED, USERID, MENU_ID, ROLE_ID, SEQUENCE) VALUES(21, '2015-11-30 07:43:50', NULL, 0, NULL, NULL, 23, 1, NULL);
INSERT INTO T2_ROLE_MENU (ROLE_MENU_ID, CREATED, DELETED, ISDELETE, UPDATED, USERID, MENU_ID, ROLE_ID, SEQUENCE) VALUES(22, '2015-11-30 07:43:50', NULL, 0, NULL, NULL, 24, 1, NULL);
INSERT INTO T2_ROLE_MENU (ROLE_MENU_ID, CREATED, DELETED, ISDELETE, UPDATED, USERID, MENU_ID, ROLE_ID, SEQUENCE) VALUES(23, '2015-11-30 07:43:50', NULL, 0, NULL, NULL, 25, 1, NULL);
INSERT INTO T2_ROLE_MENU (ROLE_MENU_ID, CREATED, DELETED, ISDELETE, UPDATED, USERID, MENU_ID, ROLE_ID, SEQUENCE) VALUES(24, '2015-11-30 07:43:50', NULL, 0, NULL, NULL, 26, 1, NULL);
INSERT INTO T2_ROLE_MENU (ROLE_MENU_ID, CREATED, DELETED, ISDELETE, UPDATED, USERID, MENU_ID, ROLE_ID, SEQUENCE) VALUES(25, '2015-11-30 07:43:50', NULL, 0, NULL, NULL, 27, 1, NULL);
INSERT INTO T2_ROLE_MENU (ROLE_MENU_ID, CREATED, DELETED, ISDELETE, UPDATED, USERID, MENU_ID, ROLE_ID, SEQUENCE) VALUES(26, '2015-11-30 07:43:50', NULL, 0, NULL, NULL, 28, 1, NULL);
INSERT INTO T2_ROLE_MENU (ROLE_MENU_ID, CREATED, DELETED, ISDELETE, UPDATED, USERID, MENU_ID, ROLE_ID, SEQUENCE) VALUES(27, '2015-11-30 07:43:50', NULL, 0, NULL, NULL, 29, 1, NULL);
INSERT INTO T2_ROLE_MENU (ROLE_MENU_ID, CREATED, DELETED, ISDELETE, UPDATED, USERID, MENU_ID, ROLE_ID, SEQUENCE) VALUES(28, '2015-11-30 07:43:50', NULL, 0, NULL, NULL, 30, 1, NULL);
INSERT INTO T2_ROLE_MENU (ROLE_MENU_ID, CREATED, DELETED, ISDELETE, UPDATED, USERID, MENU_ID, ROLE_ID, SEQUENCE) VALUES(29, '2015-11-30 07:43:50', NULL, 0, NULL, NULL, 31, 1, NULL);
INSERT INTO T2_ROLE_MENU (ROLE_MENU_ID, CREATED, DELETED, ISDELETE, UPDATED, USERID, MENU_ID, ROLE_ID, SEQUENCE) VALUES(30, '2015-11-30 07:43:50', NULL, 0, NULL, NULL, 32, 1, NULL);
INSERT INTO T2_ROLE_MENU (ROLE_MENU_ID, CREATED, DELETED, ISDELETE, UPDATED, USERID, MENU_ID, ROLE_ID, SEQUENCE) VALUES(31, '2015-11-30 07:43:50', NULL, 0, NULL, NULL, 33, 1, NULL);
INSERT INTO T2_ROLE_MENU (ROLE_MENU_ID, CREATED, DELETED, ISDELETE, UPDATED, USERID, MENU_ID, ROLE_ID, SEQUENCE) VALUES(32, '2015-11-30 07:43:50', NULL, 0, NULL, NULL, 34, 1, NULL);
INSERT INTO T2_ROLE_MENU (ROLE_MENU_ID, CREATED, DELETED, ISDELETE, UPDATED, USERID, MENU_ID, ROLE_ID, SEQUENCE) VALUES(33, '2015-11-30 07:43:50', NULL, 0, NULL, NULL, 35, 1, NULL);
INSERT INTO T2_ROLE_MENU (ROLE_MENU_ID, CREATED, DELETED, ISDELETE, UPDATED, USERID, MENU_ID, ROLE_ID, SEQUENCE) VALUES(34, '2015-11-30 07:43:50', NULL, 0, NULL, NULL, 36, 1, NULL);
INSERT INTO T2_ROLE_MENU (ROLE_MENU_ID, CREATED, DELETED, ISDELETE, UPDATED, USERID, MENU_ID, ROLE_ID, SEQUENCE) VALUES(35, '2015-11-30 07:43:50', NULL, 0, NULL, NULL, 37, 1, NULL);
INSERT INTO T2_ROLE_MENU (ROLE_MENU_ID, CREATED, DELETED, ISDELETE, UPDATED, USERID, MENU_ID, ROLE_ID, SEQUENCE) VALUES(36, '2015-11-30 07:43:50', NULL, 0, NULL, NULL, 38, 1, NULL);
INSERT INTO T2_ROLE_MENU (ROLE_MENU_ID, CREATED, DELETED, ISDELETE, UPDATED, USERID, MENU_ID, ROLE_ID, SEQUENCE) VALUES(37, '2015-11-30 07:43:50', NULL, 0, NULL, NULL, 39, 1, NULL);
INSERT INTO T2_ROLE_MENU (ROLE_MENU_ID, CREATED, DELETED, ISDELETE, UPDATED, USERID, MENU_ID, ROLE_ID, SEQUENCE) VALUES(38, '2015-11-30 07:43:50', NULL, 0, NULL, NULL, 40, 1, NULL);
INSERT INTO T2_ROLE_MENU (ROLE_MENU_ID, CREATED, DELETED, ISDELETE, UPDATED, USERID, MENU_ID, ROLE_ID, SEQUENCE) VALUES(39, '2015-11-30 07:43:50', NULL, 0, NULL, NULL, 41, 1, NULL);
INSERT INTO T2_ROLE_MENU (ROLE_MENU_ID, CREATED, DELETED, ISDELETE, UPDATED, USERID, MENU_ID, ROLE_ID, SEQUENCE) VALUES(40, '2015-11-30 07:43:50', NULL, 0, NULL, NULL, 42, 1, NULL);
INSERT INTO T2_ROLE_MENU (ROLE_MENU_ID, CREATED, DELETED, ISDELETE, UPDATED, USERID, MENU_ID, ROLE_ID, SEQUENCE) VALUES(41, '2015-11-30 07:43:50', NULL, 0, NULL, NULL, 43, 1, NULL);
INSERT INTO T2_ROLE_MENU (ROLE_MENU_ID, CREATED, DELETED, ISDELETE, UPDATED, USERID, MENU_ID, ROLE_ID, SEQUENCE) VALUES(42, '2015-11-30 07:43:50', NULL, 0, NULL, NULL, 44, 1, NULL);
INSERT INTO T2_ROLE_MENU (ROLE_MENU_ID, CREATED, DELETED, ISDELETE, UPDATED, USERID, MENU_ID, ROLE_ID, SEQUENCE) VALUES(43, '2015-11-30 07:43:50', NULL, 0, NULL, NULL, 45, 1, NULL);
INSERT INTO T2_ROLE_MENU (ROLE_MENU_ID, CREATED, DELETED, ISDELETE, UPDATED, USERID, MENU_ID, ROLE_ID, SEQUENCE) VALUES(44, '2015-11-30 07:43:50', NULL, 0, NULL, NULL, 46, 1, NULL);
INSERT INTO T2_ROLE_MENU (ROLE_MENU_ID, CREATED, DELETED, ISDELETE, UPDATED, USERID, MENU_ID, ROLE_ID, SEQUENCE) VALUES(45, '2015-11-30 07:43:50', NULL, 0, NULL, NULL, 47, 1, NULL);
INSERT INTO T2_ROLE_MENU (ROLE_MENU_ID, CREATED, DELETED, ISDELETE, UPDATED, USERID, MENU_ID, ROLE_ID, SEQUENCE) VALUES(46, '2015-11-30 07:43:50', NULL, 0, NULL, NULL, 48, 1, NULL);
INSERT INTO T2_ROLE_MENU (ROLE_MENU_ID, CREATED, DELETED, ISDELETE, UPDATED, USERID, MENU_ID, ROLE_ID, SEQUENCE) VALUES(47, '2015-11-30 07:43:50', NULL, 0, NULL, NULL, 49, 1, NULL);
INSERT INTO T2_ROLE_MENU (ROLE_MENU_ID, CREATED, DELETED, ISDELETE, UPDATED, USERID, MENU_ID, ROLE_ID, SEQUENCE) VALUES(48, '2015-11-30 07:43:50', NULL, 0, NULL, NULL, 50, 1, NULL);
INSERT INTO T2_ROLE_MENU (ROLE_MENU_ID, CREATED, DELETED, ISDELETE, UPDATED, USERID, MENU_ID, ROLE_ID, SEQUENCE) VALUES(49, '2015-11-30 07:43:50', NULL, 0, NULL, NULL, 51, 1, NULL);
INSERT INTO T2_ROLE_MENU (ROLE_MENU_ID, CREATED, DELETED, ISDELETE, UPDATED, USERID, MENU_ID, ROLE_ID, SEQUENCE) VALUES(50, '2015-11-30 07:43:50', NULL, 0, NULL, NULL, 52, 1, NULL);
INSERT INTO T2_ROLE_MENU (ROLE_MENU_ID, CREATED, DELETED, ISDELETE, UPDATED, USERID, MENU_ID, ROLE_ID, SEQUENCE) VALUES(51, '2015-11-30 07:43:50', NULL, 0, NULL, NULL, 53, 1, NULL);
INSERT INTO T2_ROLE_MENU (ROLE_MENU_ID, CREATED, DELETED, ISDELETE, UPDATED, USERID, MENU_ID, ROLE_ID, SEQUENCE) VALUES(52, '2015-11-30 07:43:50', NULL, 0, NULL, NULL, 54, 1, NULL);
INSERT INTO T2_ROLE_MENU (ROLE_MENU_ID, CREATED, DELETED, ISDELETE, UPDATED, USERID, MENU_ID, ROLE_ID, SEQUENCE) VALUES(53, '2015-11-30 07:43:50', NULL, 0, NULL, NULL, 55, 1, NULL);
INSERT INTO T2_ROLE_MENU (ROLE_MENU_ID, CREATED, DELETED, ISDELETE, UPDATED, USERID, MENU_ID, ROLE_ID, SEQUENCE) VALUES(54, '2015-11-30 07:43:50', NULL, 0, NULL, NULL, 56, 1, NULL);
INSERT INTO T2_ROLE_MENU (ROLE_MENU_ID, CREATED, DELETED, ISDELETE, UPDATED, USERID, MENU_ID, ROLE_ID, SEQUENCE) VALUES(55, '2015-11-30 07:43:50', NULL, 0, NULL, NULL, 57, 1, NULL);
INSERT INTO T2_ROLE_MENU (ROLE_MENU_ID, CREATED, DELETED, ISDELETE, UPDATED, USERID, MENU_ID, ROLE_ID, SEQUENCE) VALUES(56, '2015-11-30 09:31:21', NULL, 0, NULL, NULL, 59, 2, NULL);
INSERT INTO T2_ROLE_MENU (ROLE_MENU_ID, CREATED, DELETED, ISDELETE, UPDATED, USERID, MENU_ID, ROLE_ID, SEQUENCE) VALUES(57, '2015-11-30 09:33:07', NULL, 0, NULL, NULL, 60, 2, NULL);
INSERT INTO T2_ROLE_MENU (ROLE_MENU_ID, CREATED, DELETED, ISDELETE, UPDATED, USERID, MENU_ID, ROLE_ID, SEQUENCE) VALUES(58, '2015-11-30 09:33:27', NULL, 0, NULL, NULL, 61, 2, NULL);
INSERT INTO T2_ROLE_MENU (ROLE_MENU_ID, CREATED, DELETED, ISDELETE, UPDATED, USERID, MENU_ID, ROLE_ID, SEQUENCE) VALUES(59, '2015-11-30 09:34:30', NULL, 0, NULL, NULL, 62, 2, NULL);
INSERT INTO T2_ROLE_MENU (ROLE_MENU_ID, CREATED, DELETED, ISDELETE, UPDATED, USERID, MENU_ID, ROLE_ID, SEQUENCE) VALUES(60, '2015-11-30 09:34:53', NULL, 0, NULL, NULL, 63, 2, NULL);
INSERT INTO T2_ROLE_MENU (ROLE_MENU_ID, CREATED, DELETED, ISDELETE, UPDATED, USERID, MENU_ID, ROLE_ID, SEQUENCE) VALUES(61, '2015-11-30 09:35:04', NULL, 0, NULL, NULL, 64, 2, NULL);
INSERT INTO T2_ROLE_MENU (ROLE_MENU_ID, CREATED, DELETED, ISDELETE, UPDATED, USERID, MENU_ID, ROLE_ID, SEQUENCE) VALUES(62, '2015-11-30 09:37:43', NULL, 0, NULL, NULL, 66, 2, NULL);
INSERT INTO T2_ROLE_MENU (ROLE_MENU_ID, CREATED, DELETED, ISDELETE, UPDATED, USERID, MENU_ID, ROLE_ID, SEQUENCE) VALUES(63, '2015-11-30 09:37:55', NULL, 0, NULL, NULL, 67, 2, NULL);
INSERT INTO T2_ROLE_MENU (ROLE_MENU_ID, CREATED, DELETED, ISDELETE, UPDATED, USERID, MENU_ID, ROLE_ID, SEQUENCE) VALUES(64, '2015-11-30 09:38:07', NULL, 0, NULL, NULL, 68, 2, NULL);
INSERT INTO T2_ROLE_MENU (ROLE_MENU_ID, CREATED, DELETED, ISDELETE, UPDATED, USERID, MENU_ID, ROLE_ID, SEQUENCE) VALUES(65, '2015-11-30 09:38:19', NULL, 0, NULL, NULL, 69, 2, NULL);
INSERT INTO T2_ROLE_MENU (ROLE_MENU_ID, CREATED, DELETED, ISDELETE, UPDATED, USERID, MENU_ID, ROLE_ID, SEQUENCE) VALUES(66, '2015-11-30 07:43:50', NULL, 0, NULL, NULL, 70, 1, NULL);
INSERT INTO T2_ROLE_MENU (ROLE_MENU_ID, CREATED, DELETED, ISDELETE, UPDATED, USERID, MENU_ID, ROLE_ID, SEQUENCE) VALUES(67, '2015-11-30 07:43:50', NULL, 0, NULL, NULL, 71, 1, NULL);
INSERT INTO T2_ROLE_MENU (ROLE_MENU_ID, CREATED, DELETED, ISDELETE, UPDATED, USERID, MENU_ID, ROLE_ID, SEQUENCE) VALUES(68, '2015-11-30 07:43:50', NULL, 0, NULL, NULL, 72, 1, NULL);
INSERT INTO T2_ROLE_MENU (ROLE_MENU_ID, CREATED, DELETED, ISDELETE, UPDATED, USERID, MENU_ID, ROLE_ID, SEQUENCE) VALUES(69, '2015-11-30 07:43:50', NULL, 0, NULL, NULL, 74, 2, NULL);
INSERT INTO T2_ROLE_MENU (ROLE_MENU_ID, CREATED, DELETED, ISDELETE, UPDATED, USERID, MENU_ID, ROLE_ID, SEQUENCE) VALUES(70, '2015-11-30 09:38:19', NULL, 0, NULL, NULL, 75, 2, NULL);
INSERT INTO T2_ROLE_MENU (ROLE_MENU_ID, CREATED, DELETED, ISDELETE, UPDATED, USERID, MENU_ID, ROLE_ID, SEQUENCE) VALUES(71, '2015-11-30 07:43:50', NULL, 0, NULL, NULL, 77, 1, NULL);

#DATA BANK (SEMENTARA MANDIRI DAN BCA)
DELETE FROM T1_BANK;
INSERT INTO T1_BANK(BANK_ID, KODE_BANK, NAMA_BANK, STATUS_KANTOR, NAMA_KANTOR, ALAMAT, PROPINSI, KOTA, KODE_POS, TELEPON) VALUES (1,8,'PT BANK MANDIRI (PERSERO) Tbk','Kantor Kas','Jakarta Kuningan City','AXA Tower Jl. Prof. Dr. Satrio Kav 18','DKI Jakarta','Wil. Kota Jakarta Selatan',12940,'(021) 30480540');
INSERT INTO T1_BANK(BANK_ID, KODE_BANK, NAMA_BANK, STATUS_KANTOR, NAMA_KANTOR, ALAMAT, PROPINSI, KOTA, KODE_POS, TELEPON) VALUES (2,8,'PT BANK MANDIRI (PERSERO) Tbk','Kantor Kas','Jakarta Multivision Tower','Jl. Kuningan Mulia Kav. 9B','DKI Jakarta','Wil. Kota Jakarta Selatan',12920,'(021)29380058');
INSERT INTO T1_BANK(BANK_ID, KODE_BANK, NAMA_BANK, STATUS_KANTOR, NAMA_KANTOR, ALAMAT, PROPINSI, KOTA, KODE_POS, TELEPON) VALUES (3,14,'PT Bank Central Asia','Kantor Cabang Pembantu (Dalam Negeri)','Jalan Panjang','Jln. Panjang 79 EF Jakarta','DKI Jakarta','Wil. Kota Jakarta Barat',11520,'021 5633063-64');
INSERT INTO T1_BANK(BANK_ID, KODE_BANK, NAMA_BANK, STATUS_KANTOR, NAMA_KANTOR, ALAMAT, PROPINSI, KOTA, KODE_POS, TELEPON) VALUES (4,14,'PT Bank Central Asia','Kantor Cabang Pembantu (Dalam Negeri)','Jamblang','Jln. Jamblang Raya 51 Jakarta','DKI Jakarta','Wil. Kota Jakarta Barat',11270,'021 6323684');
INSERT INTO T1_BANK(BANK_ID, KODE_BANK, NAMA_BANK, STATUS_KANTOR, NAMA_KANTOR, ALAMAT, PROPINSI, KOTA, KODE_POS, TELEPON) VALUES (5,14,'PT Bank Central Asia','Kantor Cabang Pembantu (Dalam Negeri)','Jatibening','Jln. Caman Raya No. 17 J & K Bekasi','Jawa Barat','Kab. Bekasi',17412,'021 84992622');
INSERT INTO T1_BANK(BANK_ID, KODE_BANK, NAMA_BANK, STATUS_KANTOR, NAMA_KANTOR, ALAMAT, PROPINSI, KOTA, KODE_POS, TELEPON) VALUES (6,14,'PT Bank Central Asia','Kantor Cabang Pembantu (Dalam Negeri)','Jatinegara Barat','Jl. Jatinegara Barat 54 E, Blok C 1-4 Jakarta','DKI Jakarta','Wil. Kota Jakarta Timur',13320,'021 2800472');
INSERT INTO T1_BANK(BANK_ID, KODE_BANK, NAMA_BANK, STATUS_KANTOR, NAMA_KANTOR, ALAMAT, PROPINSI, KOTA, KODE_POS, TELEPON) VALUES (7,14,'PT Bank Central Asia','Kantor Cabang Pembantu (Dalam Negeri)','Jatinegara Timur','Jln. Jatinegara Timur No. 39 Jakarta','DKI Jakarta','Wil. Kota Jakarta Timur',13310,'021 85911435');
INSERT INTO T1_BANK(BANK_ID, KODE_BANK, NAMA_BANK, STATUS_KANTOR, NAMA_KANTOR, ALAMAT, PROPINSI, KOTA, KODE_POS, TELEPON) VALUES (8,14,'PT Bank Central Asia','Kantor Cabang Pembantu (Dalam Negeri)','Pacific Place','Jl. Jend. Sudirman 52-53 Lot 3 & 5 Jakarta','DKI Jakarta','Wil. Kota Jakarta Selatan',12190,'021 51402780');
INSERT INTO T1_BANK(BANK_ID, KODE_BANK, NAMA_BANK, STATUS_KANTOR, NAMA_KANTOR, ALAMAT, PROPINSI, KOTA, KODE_POS, TELEPON) VALUES (9,14,'PT Bank Central Asia','Kantor Cabang Pembantu (Dalam Negeri)','Padalarang','Jln. Raya Padalarang Kav.10 Bandung','Jawa Barat','Kab. Bandung',40553,'022 6809095');
INSERT INTO T1_BANK(BANK_ID, KODE_BANK, NAMA_BANK, STATUS_KANTOR, NAMA_KANTOR, ALAMAT, PROPINSI, KOTA, KODE_POS, TELEPON) VALUES (10,14,'PT Bank Central Asia','Kantor Cabang (Dalam Negeri)','PONDOK INDAH','Wisma BCA PI, Jl. Metro PI Jakarta','DKI Jakarta','Wil. Kota Jakarta Selatan',12310,'021 29973555');
INSERT INTO T1_BANK(BANK_ID, KODE_BANK, NAMA_BANK, STATUS_KANTOR, NAMA_KANTOR, ALAMAT, PROPINSI, KOTA, KODE_POS, TELEPON) VALUES (11,14,'PT Bank Central Asia','Kantor Cabang (Dalam Negeri)','TEBING TINGGI','Jl Jen Sudirman 225-227-229 Tebing Tinggi','Sumatera Utara','Kota Tebing Tinggi',20615,'0621 21242');
INSERT INTO SEQUENCE VALUES('T1_BANK',12);
#DATA ASOSIASI
DELETE FROM T1_ASOSIASI;
INSERT INTO T1_ASOSIASI (ASOSIASI_ID, NAMA) VALUES('1', 'Kamar Dagang dan Industri Indonesia (KADIN)');
INSERT INTO T1_ASOSIASI (ASOSIASI_ID, NAMA) VALUES('2', 'Asosiasi Piranti Lunak Telematika Indonesia (Aspiluki)');
INSERT INTO T1_ASOSIASI (ASOSIASI_ID, NAMA) VALUES('3', 'Asosiasi Industri Alat Besar Indonesia (HINABI)');
INSERT INTO T1_ASOSIASI (ASOSIASI_ID, NAMA) VALUES('4', 'Asosiasi Pengusaha Indonesia (APINDO)');
INSERT INTO T1_ASOSIASI (ASOSIASI_ID, NAMA) VALUES('5', 'Lembaga Pengembangan Jasa Konstruksi Nasional');
INSERT INTO SEQUENCE VALUES('T1_ASOSIASI', 6);
#NEGARA
DELETE FROM T1_NEGARA;
INSERT INTO T1_NEGARA (NEGARA_ID, NAMA, IBU_KOTA) VALUES('1', 'Indonesia', 'Jakarta');
INSERT INTO T1_NEGARA (NEGARA_ID, NAMA, IBU_KOTA) VALUES('2', 'United State', 'Washington');
INSERT INTO T1_NEGARA (NEGARA_ID, NAMA, IBU_KOTA) VALUES('3', 'England', 'London');
INSERT INTO T1_NEGARA (NEGARA_ID, NAMA, IBU_KOTA) VALUES('4', 'Malaysia', 'Kuala Lumpur');
INSERT INTO T1_NEGARA (NEGARA_ID, NAMA, IBU_KOTA) VALUES('5', 'Singapure', 'Tasik');
INSERT INTO SEQUENCE VALUES('T1_NEGARA', 6);
#PROPINSI KOTA
DELETE FROM T1_WILAYAH;
INSERT INTO T1_WILAYAH (LOKASI_ID, LOKASI_KODE, LOKASI_NAMA, LOKASI_PROPINSI, LOKASI_KABUPATENKOTA, LOKASI_KECAMATAN, LOKASI_KELURAHAN) VALUES (1, '31.00.00.0000', 'DKI Jakarta', 31, 00, 00, 0000);
INSERT INTO T1_WILAYAH (LOKASI_ID, LOKASI_KODE, LOKASI_NAMA, LOKASI_PROPINSI, LOKASI_KABUPATENKOTA, LOKASI_KECAMATAN, LOKASI_KELURAHAN) VALUES (2, '34.00.00.0000', 'DI Yogyakarta', 34, 00, 00, 0000);
INSERT INTO T1_WILAYAH (LOKASI_ID, LOKASI_KODE, LOKASI_NAMA, LOKASI_PROPINSI, LOKASI_KABUPATENKOTA, LOKASI_KECAMATAN, LOKASI_KELURAHAN) VALUES (3, '34.01.00.0000', 'KABUPATEN KULONPROGO', 34, 01, 00, 0000);
INSERT INTO T1_WILAYAH (LOKASI_ID, LOKASI_KODE, LOKASI_NAMA, LOKASI_PROPINSI, LOKASI_KABUPATENKOTA, LOKASI_KECAMATAN, LOKASI_KELURAHAN) VALUES (4, '34.02.00.0000', 'KABUPATEN BANTUL', 34, 02, 00, 0000);
INSERT INTO T1_WILAYAH (LOKASI_ID, LOKASI_KODE, LOKASI_NAMA, LOKASI_PROPINSI, LOKASI_KABUPATENKOTA, LOKASI_KECAMATAN, LOKASI_KELURAHAN) VALUES (5, '34.03.00.0000', 'KABUPATEN GUNUNG KIDUL', 34, 03, 00, 0000);
INSERT INTO T1_WILAYAH (LOKASI_ID, LOKASI_KODE, LOKASI_NAMA, LOKASI_PROPINSI, LOKASI_KABUPATENKOTA, LOKASI_KECAMATAN, LOKASI_KELURAHAN) VALUES (6, '34.04.00.0000', 'KABUPATEN SLEMAN', 34, 04, 00, 0000);
INSERT INTO T1_WILAYAH (LOKASI_ID, LOKASI_KODE, LOKASI_NAMA, LOKASI_PROPINSI, LOKASI_KABUPATENKOTA, LOKASI_KECAMATAN, LOKASI_KELURAHAN) VALUES (7, '34.71.00.0000', 'KOTA YOGYAKARTA', 34, 71, 00, 0000);
INSERT INTO T1_WILAYAH (LOKASI_ID, LOKASI_KODE, LOKASI_NAMA, LOKASI_PROPINSI, LOKASI_KABUPATENKOTA, LOKASI_KECAMATAN, LOKASI_KELURAHAN) VALUES (8, '31.71.00.0000', 'KOTA JAKARTA PUSAT', 31, 71, 00, 0000);
INSERT INTO T1_WILAYAH (LOKASI_ID, LOKASI_KODE, LOKASI_NAMA, LOKASI_PROPINSI, LOKASI_KABUPATENKOTA, LOKASI_KECAMATAN, LOKASI_KELURAHAN) VALUES (9, '31.72.00.0000', 'KOTA JAKARTA UTARA', 31, 72, 00, 0000);
INSERT INTO T1_WILAYAH (LOKASI_ID, LOKASI_KODE, LOKASI_NAMA, LOKASI_PROPINSI, LOKASI_KABUPATENKOTA, LOKASI_KECAMATAN, LOKASI_KELURAHAN) VALUES (10, '31.73.00.0000', 'KOTA JAKARTA BARAT', 31, 73, 00, 0000);
INSERT INTO T1_WILAYAH (LOKASI_ID, LOKASI_KODE, LOKASI_NAMA, LOKASI_PROPINSI, LOKASI_KABUPATENKOTA, LOKASI_KECAMATAN, LOKASI_KELURAHAN) VALUES (11, '31.74.00.0000', 'KOTA JAKARTA SELATAN', 31, 74, 00, 0000);
INSERT INTO T1_WILAYAH (LOKASI_ID, LOKASI_KODE, LOKASI_NAMA, LOKASI_PROPINSI, LOKASI_KABUPATENKOTA, LOKASI_KECAMATAN, LOKASI_KELURAHAN) VALUES (12, '31.75.00.0000', 'KOTA JAKARTA TIMUR', 31, 75, 00, 0000);
INSERT INTO T1_WILAYAH (LOKASI_ID, LOKASI_KODE, LOKASI_NAMA, LOKASI_PROPINSI, LOKASI_KABUPATENKOTA, LOKASI_KECAMATAN, LOKASI_KELURAHAN) VALUES (13, '31.76.00.0000', 'KABUPATEN KEPULAUAN SERIBU', 31, 76, 00, 0000);
INSERT INTO SEQUENCE VALUES('T1_WILAYAH',14);
#KONDISI PERALATAN VENDOR
DELETE FROM T1_KONDISI_PERALATAN_VENDOR;
INSERT INTO T1_KONDISI_PERALATAN_VENDOR (KONDISI_PERALATAN_VENDOR_ID, NAMA) VALUES(1,'BARU');
INSERT INTO T1_KONDISI_PERALATAN_VENDOR (KONDISI_PERALATAN_VENDOR_ID, NAMA) VALUES(2,'BEKAS');
INSERT INTO SEQUENCE VALUES('T1_KONDISI_PERALATAN_VENDOR',3);
#BUKTI KEPEMILIKAN
DELETE FROM T1_BUKTI_KEPEMILIKAN;
INSERT INTO T1_BUKTI_KEPEMILIKAN (BUKTI_KEPEMILIKAN_ID, NAMA) VALUES(1,'SEWA');
INSERT INTO T1_BUKTI_KEPEMILIKAN (BUKTI_KEPEMILIKAN_ID, NAMA) VALUES(2,'MILIK');
INSERT INTO SEQUENCE VALUES('T1_BUKTI_KEPEMILIKAN',3);