#initial_data.sql file
SET FOREIGN_KEY_CHECKS=0;
#User
#Password gmail @mmi : mmi123mmi
DELETE FROM T1_USER;
#User-Anggaran
INSERT INTO T1_USER (USER_ID, USERNAME, PASSWORD, EMAIL, NAMA_PENGGUNA) VALUES (1, 'anggaran01', 'fcea920f7412b5da7be0cf42b8c93759','angaran01@mmi-pt.com', 'Hariri Rohman');
#User-Perencana
INSERT INTO T1_USER (USER_ID, USERNAME, PASSWORD, EMAIL, NAMA_PENGGUNA) VALUES (2, 'perencana01', 'fcea920f7412b5da7be0cf42b8c93759','perencana01@mmi-pt.com', 'Muhammad Rizal');
#User-Panitia
INSERT INTO T1_USER (USER_ID, USERNAME, PASSWORD, EMAIL, NAMA_PENGGUNA) VALUES (3, 'panitia01', 'fcea920f7412b5da7be0cf42b8c93759','panitia01@mmi-pt.com', 'Agus Rochmad TR');
INSERT INTO T1_USER (USER_ID, USERNAME, PASSWORD, EMAIL, NAMA_PENGGUNA) VALUES (4, 'panitia02', 'fcea920f7412b5da7be0cf42b8c93759','panitia02@mmi-pt.com', 'Reinhard TM');
#User-Vendor
INSERT INTO T1_USER (USER_ID, USERNAME, PASSWORD, EMAIL, NAMA_PENGGUNA) VALUES (5, 'vendor01', 'fcea920f7412b5da7be0cf42b8c93759','vendor01@mmi-pt.com', 'Sujatmiko');
INSERT INTO T1_USER (USER_ID, USERNAME, PASSWORD, EMAIL, NAMA_PENGGUNA) VALUES (6, 'vendor02', 'fcea920f7412b5da7be0cf42b8c93759','vendor02@mmi-pt.com', 'Dwi Setyo');
INSERT INTO T1_USER (USER_ID, USERNAME, PASSWORD, EMAIL, NAMA_PENGGUNA) VALUES (7, 'vendor03', 'fcea920f7412b5da7be0cf42b8c93759','vendor03@mmi-pt.com', 'Asep Sunarya');
#User-Perencana ke-2
INSERT INTO T1_USER (USER_ID, USERNAME, PASSWORD, EMAIL, NAMA_PENGGUNA) VALUES (8, 'perencana02', 'fcea920f7412b5da7be0cf42b8c93759','perencana02@mmi-pt.com', 'Zainal Abidin');
#UserSUPERADMIN
INSERT INTO T1_USER (USER_ID, USERNAME, PASSWORD, EMAIL, NAMA_PENGGUNA) VALUES (99, 'admin', 'fcea920f7412b5da7be0cf42b8c93759','admin@mmi-pt.com', 'Super Admin Promise');
INSERT INTO SEQUENCE VALUES('T1_USER', 100);
#PEMBERI KEPUTUSAN
insert into T1_PEMBUAT_KEPUTUSAN (PEMBUAT_KEPUTUSAN_ID, NAMA) VALUES('1', 'General Manager');
insert into T1_PEMBUAT_KEPUTUSAN (PEMBUAT_KEPUTUSAN_ID, NAMA) VALUES('2', 'Manager');
INSERT INTO SEQUENCE VALUES('T1_PEMBUAT_KEPUTUSAN', 100);
#ROLE
DELETE FROM T1_ROLE;
INSERT INTO T1_ROLE(ROLE_ID, PARENT_ID, NAMA) VALUES(0, '0', 'SUPERADMIN');
INSERT INTO T1_ROLE(ROLE_ID, PARENT_ID, NAMA) VALUES(1, '0', 'PANITIA');
INSERT INTO T1_ROLE(ROLE_ID, PARENT_ID, NAMA) VALUES(2, '0', 'VENDOR');
INSERT INTO T1_ROLE(ROLE_ID, PARENT_ID, NAMA) VALUES(3, '0', 'ANGGARAN');
INSERT INTO T1_ROLE(ROLE_ID, PARENT_ID, NAMA) VALUES(4, '0', 'PERENCANA');
INSERT INTO SEQUENCE VALUES('T1_ROLE', 100);
#Periode Anggaran
DELETE FROM T1_PERIODE_ANGGARAN;
INSERT INTO T1_PERIODE_ANGGARAN(PERIODE_ANGGARAN_ID, CREATED, DELETED, ISDELETE, NAMA, UPDATED, USERID) VALUES(1, NOW(), null, 0, 'Tahunan', null, 0);
INSERT INTO SEQUENCE VALUES('T1_PERIODE_ANGGARAN', 100);
#Jenis Anggaran
DELETE FROM T1_JENIS_ANGGARAN;
INSERT INTO T1_JENIS_ANGGARAN(JENIS_ANGGARAN_ID, CREATED, DELETED, ISDELETE, NAMA, UPDATED, USERID) VALUES(1, NOW(), null, 0, 'CAPEX', null, 0);
INSERT INTO T1_JENIS_ANGGARAN(JENIS_ANGGARAN_ID, CREATED, DELETED, ISDELETE, NAMA, UPDATED, USERID) VALUES(2, NOW(), null, 0, 'OPEX', null, 0);
INSERT INTO SEQUENCE VALUES('T1_JENIS_ANGGARAN', 100);
#Jenis Kontrak
DELETE FROM T1_JENIS_KONTRAK;
INSERT INTO T1_JENIS_KONTRAK(JENIS_KONTRAK_ID, CREATED, DELETED, ISDELETE, NAMA, DESKRIPSI, UPDATED, USERID) VALUES(1, NOW(), null, 0, 'KONTRAK NORMAL','Kontrak Normal adalah ...', null, 0);
INSERT INTO T1_JENIS_KONTRAK(JENIS_KONTRAK_ID, CREATED, DELETED, ISDELETE, NAMA, DESKRIPSI, UPDATED, USERID) VALUES(2, NOW(), null, 0, 'KONTRAK PAYUNG','Kontrak Payung adalah ...', null, 0);
INSERT INTO T1_JENIS_KONTRAK(JENIS_KONTRAK_ID, CREATED, DELETED, ISDELETE, NAMA, DESKRIPSI, UPDATED, USERID) VALUES(3, NOW(), null, 0, 'PURCHASE ORDER','Purchase Order adalah ...', null, 0);
INSERT INTO SEQUENCE VALUES('T1_JENIS_KONTRAK', 100);
#HARI LIBUR
DELETE FROM T1_HARI_LIBUR;
INSERT INTO T1_HARI_LIBUR(HARI_LIBUR_ID, NAMA, DESKRIPSI,TANGGAL) VALUES(1, 'Idul Fitri', '','2017-10-09');
INSERT INTO T1_HARI_LIBUR(HARI_LIBUR_ID, NAMA, DESKRIPSI,TANGGAL) VALUES(2, 'Idul Adha', '','2017-10-10');
INSERT INTO SEQUENCE VALUES('T1_HARI_LIBUR', 3);
#organisasi
DELETE FROM T1_ORGANISASI;
INSERT INTO T1_ORGANISASI (ORGANISASI_ID, PARENT_ID, NAMA) VALUES (1, '0', 'PT. Astra International Tbk');
INSERT INTO T1_ORGANISASI (ORGANISASI_ID, PARENT_ID, NAMA) VALUES (2, '1', 'PT. Astra International Pusat');
INSERT INTO T1_ORGANISASI (ORGANISASI_ID, PARENT_ID, NAMA) VALUES (3, '1', 'PT. Astra Honda Motor');
INSERT INTO T1_ORGANISASI (ORGANISASI_ID, PARENT_ID, NAMA) VALUES (4, '1', 'PT. Pamapersada Nusantara');
INSERT INTO T1_ORGANISASI (ORGANISASI_ID, PARENT_ID, NAMA) VALUES (5, '1', 'PT. United Tractors');
INSERT INTO T1_ORGANISASI (ORGANISASI_ID, PARENT_ID, NAMA) VALUES (6, '2', 'Procurement - AI');
INSERT INTO T1_ORGANISASI (ORGANISASI_ID, PARENT_ID, NAMA) VALUES (7, '3', 'Procurement - AHM');
INSERT INTO T1_ORGANISASI (ORGANISASI_ID, PARENT_ID, NAMA) VALUES (8, '4', 'Procurement - PAMA');
INSERT INTO T1_ORGANISASI (ORGANISASI_ID, PARENT_ID, NAMA) VALUES (9, '5', 'Procurement - UT');
INSERT INTO SEQUENCE VALUES('T1_ORGANISASI',100);
#AFCO
INSERT INTO T2_AFCO (AFCO_ID, COMPANY_NAME, CREATED, DELETED, ISDELETE, NAME, UPDATED, USERID, ORGANISASI_ID) VALUES (1, 'PT. Astra International Pusat', '2016-09-07 16:50:17', NULL, '0', 'Wahyu Sughianto', NULL, NULL, 6 );
INSERT INTO T2_AFCO (AFCO_ID, COMPANY_NAME, CREATED, DELETED, ISDELETE, NAME, UPDATED, USERID, ORGANISASI_ID) VALUES (2, 'PT. Astra Honda Motor', '2016-09-07 16:50:17', NULL, '0', 'Ismed Iqbal', NULL, NULL, 7 );
INSERT INTO T2_AFCO (AFCO_ID, COMPANY_NAME, CREATED, DELETED, ISDELETE, NAME, UPDATED, USERID, ORGANISASI_ID) VALUES (3, 'PT. Pamapersada Nusantara', '2016-09-07 16:50:17', NULL, '0', 'Fauzy', NULL, NULL, 8 );
INSERT INTO SEQUENCE VALUES('T2_AFCO', 100);
#AFCO ADDRESS
INSERT INTO T1_ADDRESS_BOOK (ADDRESS_BOOK_ID, ADDRESS_LABEL, CITY, COUNTRY, CREATED, DEFAULT_BILLING_ADDRESS, DEFAULT_SHIPPING_ADDRESS, DELETED, DISTRICT, FAX, FULL_NAME, ISDELETE, POSTALCODE, STATUS, STREET_ADDRESS, SUBDISTRICT, TELEPHONE_1, TELEPHONE_2, UPDATED, USERID, AFCO_ID) VALUES (1, 'Kantor Pusat', 'Jakarta', 'Indonesia', '2016-09-07 16:50:17', '1', '1', NULL, 'Tj. Priok', '02165304957', 'Ahmad Supandi', '0', '14330', '1', 'Jl. Gaya Motor Raya No.8 Sunter Raya', 'Sunter', '0216522555', NULL, NULL, NULL, 1);
INSERT INTO T1_ADDRESS_BOOK (ADDRESS_BOOK_ID, ADDRESS_LABEL, CITY, COUNTRY, CREATED, DEFAULT_BILLING_ADDRESS, DEFAULT_SHIPPING_ADDRESS, DELETED, DISTRICT, FAX, FULL_NAME, ISDELETE, POSTALCODE, STATUS, STREET_ADDRESS, SUBDISTRICT, TELEPHONE_1, TELEPHONE_2, UPDATED, USERID, AFCO_ID) VALUES (2, 'Kantor Pusat', 'Jakarta', 'Indonesia', '2016-09-07 16:50:17', '1', '1', NULL, 'Tj. Priok', '02144770099', 'Alexandra W.T', '0', '14330', '1', 'Jl. Gaya Motor III No.3, RT.9/RW.6, Sungai Bambu, Tj. Priok, Kota Jkt Utara', 'Sungai Bambu', '0216501000', NULL, NULL, NULL, 1);
INSERT INTO T1_ADDRESS_BOOK (ADDRESS_BOOK_ID, ADDRESS_LABEL, CITY, COUNTRY, CREATED, DEFAULT_BILLING_ADDRESS, DEFAULT_SHIPPING_ADDRESS, DELETED, DISTRICT, FAX, FULL_NAME, ISDELETE, POSTALCODE, STATUS, STREET_ADDRESS, SUBDISTRICT, TELEPHONE_1, TELEPHONE_2, UPDATED, USERID, AFCO_ID) VALUES (3, 'Kantor Pusat', 'Jakarta', 'Indonesia', '2016-09-07 16:50:17', '1', '1', NULL, 'Tj. Priok', NULL, 'Sri Wahyuni', '0', '14330', '1', ' Jl. Yos Sudarso Kav. 24', 'Sunter', '0216507000', NULL, NULL, NULL, 1);
INSERT INTO SEQUENCE VALUES('T1_ADDRESS_BOOK', 100);
#USERROLE
DELETE FROM T2_ROLE_USER;
#USERROLE-ANGGARAN/BUDGET
INSERT INTO T2_ROLE_USER(ROLE_USER_ID, USER_ID, ROLE_ID, ORGANISASI_ID) VALUES(1, 1, 3, 1);
#USERROLE-PERENCANA/PR
INSERT INTO T2_ROLE_USER(ROLE_USER_ID, USER_ID, ROLE_ID, ORGANISASI_ID) VALUES(2, 2, 4, 2);
#USERROLE-PANITIA
INSERT INTO T2_ROLE_USER(ROLE_USER_ID, USER_ID, ROLE_ID, ORGANISASI_ID) VALUES(3, 3, 1, 6);
INSERT INTO T2_ROLE_USER(ROLE_USER_ID, USER_ID, ROLE_ID, ORGANISASI_ID) VALUES(4, 4, 1, 7);
#USERROLE-Vendor
INSERT INTO T2_ROLE_USER(ROLE_USER_ID, USER_ID, ROLE_ID) VALUES(5, 5, 2);
INSERT INTO T2_ROLE_USER(ROLE_USER_ID, USER_ID, ROLE_ID) VALUES(6, 6, 2);
INSERT INTO T2_ROLE_USER(ROLE_USER_ID, USER_ID, ROLE_ID) VALUES(7, 7, 2);
#USERROLE-PERENCANA/PR02
INSERT INTO T2_ROLE_USER(ROLE_USER_ID, USER_ID, ROLE_ID, ORGANISASI_ID) VALUES(8, 8, 4, 3);
#USERROLE-SuperAdmin
INSERT INTO T2_ROLE_USER(ROLE_USER_ID, USER_ID, ROLE_ID, ORGANISASI_ID) VALUES(99, 99, 0, 1);
INSERT INTO SEQUENCE VALUES('T2_ROLE_USER', 100);
#PANITIA
INSERT INTO T1_PANITIA (PANITIA_ID, BERLAKU_MULAI, BERLAKU_SELESAI, CABANG_ID, DIVISI_ID) VALUES (1, '2015-07-01', '2016-07-01', 6, 1);
INSERT INTO SEQUENCE VALUES('T1_PANITIA', 100);
#PANITIA_PEJABAT_PELAKSANA
INSERT INTO T2_PEJABAT_PELAKSANA_PENGADAAN (PEJABAT_PELAKSANA_PENGADAAN_ID, NAMA, PANITIA_ID, PIC_ID) VALUES (1, 'Panitia Pejabat Pelaksana', 1, 3);
INSERT INTO SEQUENCE VALUES('T2_PEJABAT_PELAKSANA_PENGADAAN', 100);
#VENDOR
DELETE FROM T2_VENDOR;
INSERT INTO T2_VENDOR (VENDOR_ID, USER_ID, NAMA, ALAMAT, NOMOR_TELEPON, EMAIL, NPWP, PENANGGUNG_JAWAB, STATUS) VALUES(1, 5, 'PT. Global Aksara Informatika', 'Jl.Tebet Raya No. 11B', '(62-21) 798 4798', 'vendor01@mmi-pt.com', '49.343.880928.2192','Hari Sungkari',1);
INSERT INTO T2_VENDOR (VENDOR_ID, USER_ID, NAMA, ALAMAT, NOMOR_TELEPON, EMAIL, NPWP, PENANGGUNG_JAWAB, STATUS) VALUES(2, 6, 'PT. Code Beans', 'Jl. Kebagusan Raya No.19', '021-172 9312', 'vendor02@mmi-pt.com','49.343.8988012-31','Agus Rochmad TR',1);
INSERT INTO T2_VENDOR (VENDOR_ID, USER_ID, NAMA, ALAMAT, NOMOR_TELEPON, EMAIL, NPWP, PENANGGUNG_JAWAB, STATUS) VALUES(3, 7, 'PT. Adi Nusa', 'Jl. Jendral Sudirman','021-9999','vendor03@mmi-pt.com', '4934388','Suwito Raharjo',1);
insert into SEQUENCE values ('T2_VENDOR', 4);
INSERT INTO T3_VENDOR_PROFILE (VENDOR_PROFILE_ID, VENDOR_ID, KOTA) VALUES(1, 1, 'KOTA JAKARTA SELATAN');
INSERT INTO T3_VENDOR_PROFILE (VENDOR_PROFILE_ID, VENDOR_ID, KOTA) VALUES(2, 2, 'KOTA JAKARTA SELATAN');
INSERT INTO T3_VENDOR_PROFILE (VENDOR_PROFILE_ID, VENDOR_ID, KOTA) VALUES(3, 3, 'KOTA JAKARTA PUSAT');
insert into SEQUENCE values ('T3_VENDOR_PROFILE', 4);
#TAHAPAN
DELETE FROM T1_TAHAPAN;
INSERT INTO T1_TAHAPAN (TAHAPAN_ID, NAMA) VALUES (1, 'Inisialisasi Pengadaan');
INSERT INTO T1_TAHAPAN (TAHAPAN_ID, NAMA) VALUES (10010000, 'Inisialisasi Pengadaan Versi 04');
INSERT INTO T1_TAHAPAN (TAHAPAN_ID, NAMA) VALUES (2, 'Pengadaan  Ulang');
INSERT INTO T1_TAHAPAN (TAHAPAN_ID, NAMA) VALUES (3, 'Ubah Data Pengadaan');
INSERT INTO T1_TAHAPAN (TAHAPAN_ID, NAMA) VALUES (10040000, 'Persetujuan Pengadaan');
INSERT INTO T1_TAHAPAN (TAHAPAN_ID, NAMA) VALUES (10050000, 'Jadwal Kualifikasi');
INSERT INTO T1_TAHAPAN (TAHAPAN_ID, NAMA) VALUES (10060000, 'Pengumuman/Konfirmasi Undangan/Pengambilan Dokumen Kualifikasi');
INSERT INTO T1_TAHAPAN (TAHAPAN_ID, NAMA) VALUES (10070000, 'Pemasukan Dokumen Kualifikasi');
INSERT INTO T1_TAHAPAN (TAHAPAN_ID, NAMA) VALUES (10080000, 'Kriteria Kualifikasi');
INSERT INTO T1_TAHAPAN (TAHAPAN_ID, NAMA) VALUES (10090000, 'Seleksi Kualifikasi');
INSERT INTO T1_TAHAPAN (TAHAPAN_ID, NAMA) VALUES (10100000, 'Hasil Kualifikasi');
INSERT INTO T1_TAHAPAN (TAHAPAN_ID, NAMA) VALUES (10110000, 'Sanggahan Kualifikasi');
INSERT INTO T1_TAHAPAN (TAHAPAN_ID, NAMA) VALUES (10120000, 'Persetujuan Hasil Kualifikasi');
INSERT INTO T1_TAHAPAN (TAHAPAN_ID, NAMA) VALUES (4, 'Jadwal Pengadaan');
INSERT INTO T1_TAHAPAN (TAHAPAN_ID, NAMA) VALUES (5, 'Pengumuman Pengadaan');
INSERT INTO T1_TAHAPAN (TAHAPAN_ID, NAMA) VALUES (10130200, 'Undangan Pengadaan');
INSERT INTO T1_TAHAPAN (TAHAPAN_ID, NAMA) VALUES (6, 'Pengambilan Dokumen');
INSERT INTO T1_TAHAPAN (TAHAPAN_ID, NAMA) VALUES (7, 'Kriteria Evaluasi');
INSERT INTO T1_TAHAPAN (TAHAPAN_ID, NAMA) VALUES (8, 'Pejelasan');
INSERT INTO T1_TAHAPAN (TAHAPAN_ID, NAMA) VALUES (9, 'Pemasukan Penawaran - 1(satu) Sampul');
INSERT INTO T1_TAHAPAN (TAHAPAN_ID, NAMA) VALUES (10170100, 'Pemasukan Penawaran - 2(dua) Sampul');
INSERT INTO T1_TAHAPAN (TAHAPAN_ID, NAMA) VALUES (10170200, 'Pemasukan Penawaran - Tahap 1(satu) - 2(dua) Tahap');
INSERT INTO T1_TAHAPAN (TAHAPAN_ID, NAMA) VALUES (10170300, 'Pemasukan Penawaran - Tahap 2(dua) - 2(dua) Tahap');
INSERT INTO T1_TAHAPAN (TAHAPAN_ID, NAMA) VALUES (10, 'Pembukaan Penawaran - 1(satu) Sampul');
INSERT INTO T1_TAHAPAN (TAHAPAN_ID, NAMA) VALUES (10180100, 'Pembukaan Penawaran - 2(dua) Sampul');
INSERT INTO T1_TAHAPAN (TAHAPAN_ID, NAMA) VALUES (10180200, 'Pembukaan Penawaran - Tahap 1(satu) - 2(dua) Tahap');
INSERT INTO T1_TAHAPAN (TAHAPAN_ID, NAMA) VALUES (10180300, 'Pembukaan Penawaran - Tahap 2(dua) - 2(dua) Tahap');
INSERT INTO T1_TAHAPAN (TAHAPAN_ID, NAMA) VALUES (11, 'Evaluasi Administrasi');
INSERT INTO T1_TAHAPAN (TAHAPAN_ID, NAMA) VALUES (12, 'Evaluasi Teknis');
INSERT INTO T1_TAHAPAN (TAHAPAN_ID, NAMA) VALUES (13, 'Evaluasi Harga - Bidding');
INSERT INTO T1_TAHAPAN (TAHAPAN_ID, NAMA) VALUES (13000001, 'Evaluasi Harga Simple - Bidding');
INSERT INTO T1_TAHAPAN (TAHAPAN_ID, NAMA) VALUES (14, 'Evaluasi Harga - Auction');
INSERT INTO T1_TAHAPAN (TAHAPAN_ID, NAMA) VALUES (14000001, 'Evaluasi Harga Simple - Auction');
INSERT INTO T1_TAHAPAN (TAHAPAN_ID, NAMA) VALUES (10230000, 'Pembuktian Kualifikasi');
INSERT INTO T1_TAHAPAN (TAHAPAN_ID, NAMA) VALUES (15, 'Negosiasi Harga');
INSERT INTO T1_TAHAPAN (TAHAPAN_ID, NAMA) VALUES (10250000, 'Klarifikasi Harga');
INSERT INTO T1_TAHAPAN (TAHAPAN_ID, NAMA) VALUES (16, 'Usulan Calon Pemenang');
INSERT INTO T1_TAHAPAN (TAHAPAN_ID, NAMA) VALUES (17, 'Penetapan Pemenang');
INSERT INTO T1_TAHAPAN (TAHAPAN_ID, NAMA) VALUES (18, 'Sanggahan');
INSERT INTO T1_TAHAPAN (TAHAPAN_ID, NAMA) VALUES (19, 'Penunjukan Pememenang');
INSERT INTO T1_TAHAPAN (TAHAPAN_ID, NAMA) VALUES (20, 'Pembuatan SPK');
INSERT INTO T1_TAHAPAN (TAHAPAN_ID, NAMA) VALUES (21, 'Pembuatan Kontrak');
INSERT INTO T1_TAHAPAN (TAHAPAN_ID, NAMA) VALUES (22, 'Pengadaan Gagal');
INSERT INTO T1_TAHAPAN (TAHAPAN_ID, NAMA) VALUES (23, 'Seleksi Pendaftaran');
INSERT INTO T1_TAHAPAN (TAHAPAN_ID, NAMA) VALUES (24, 'Dua Tahap - Data Penawaran Tahap Dua');
INSERT INTO T1_TAHAPAN (TAHAPAN_ID, NAMA) VALUES (25, 'Persetujuan Pengadaan');
INSERT INTO T1_TAHAPAN (TAHAPAN_ID, NAMA) VALUES (26, 'Purchase Request');
INSERT INTO T1_TAHAPAN (TAHAPAN_ID, NAMA) VALUES (27, 'Purchase Order');
INSERT INTO T1_TAHAPAN (TAHAPAN_ID, NAMA) VALUES (28, 'Purchase Request Validation');
INSERT INTO SEQUENCE VALUES ('T1_TAHAPAN', 19000000);

#Matauang
DELETE FROM T1_MATA_UANG;
INSERT INTO T1_MATA_UANG (MATA_UANG_ID, NAMA, KODE, KURS, CREATED) VALUES(1, 'Rupiah', 'IDR', '1', NOW());
INSERT INTO T1_MATA_UANG (MATA_UANG_ID, NAMA, KODE, KURS, CREATED) VALUES(2, 'Dollar US', 'USD', '15000', NOW());
INSERT INTO T1_MATA_UANG (MATA_UANG_ID, NAMA, KODE, KURS, CREATED) VALUES(3, 'Ringgit', 'MYR', '15000', NOW());
INSERT INTO T1_MATA_UANG (MATA_UANG_ID, NAMA, KODE, KURS, CREATED) VALUES(4, 'Dollar Sing', 'SGD', '15000', NOW());
INSERT INTO T1_MATA_UANG (MATA_UANG_ID, NAMA, KODE, KURS, CREATED) VALUES(5, 'Poundsterling', 'GBP', '15000', NOW());
INSERT INTO T1_MATA_UANG (MATA_UANG_ID, NAMA, KODE, KURS, CREATED) VALUES(6, 'Euro', 'EUR', '15000', NOW());
INSERT INTO T1_MATA_UANG (MATA_UANG_ID, NAMA, KODE, KURS, CREATED) VALUES(7, 'Jepang Yen', 'JPY', '15000', NOW());
INSERT INTO T1_MATA_UANG (MATA_UANG_ID, NAMA, KODE, KURS, CREATED) VALUES(8, 'Hongkong', 'HKD', '15000', NOW());
INSERT INTO SEQUENCE VALUES('T1_MATA_UANG', 9);
#Kualifikasi Pengadaan
DELETE FROM T1_KUALIFIKASI_PENGADAAN;
INSERT INTO T1_KUALIFIKASI_PENGADAAN (KUALIFIKASI_PENGADAAN_ID, NAMA, CREATED) VALUES(1, 'Pra Kualifikasi', NOW());
INSERT INTO T1_KUALIFIKASI_PENGADAAN (KUALIFIKASI_PENGADAAN_ID, NAMA, CREATED) VALUES(2, 'Pasca Kualifikasi', NOW());
INSERT INTO SEQUENCE VALUES ('T1_KUALIFIKASI_PENGADAAN', 3);
#Master Jabatan
DELETE FROM T1_JABATAN;
INSERT INTO T1_JABATAN (JABATAN_ID, NAMA) VALUES (1, 'Manager');
INSERT INTO T1_JABATAN (JABATAN_ID, NAMA) VALUES (2, 'Staff');
INSERT INTO SEQUENCE VALUES ('T1_JABATAN', 3);

#Kategori Pengadaan
DELETE FROM T1_KATEGORI_PENGADAAN;
INSERT INTO T1_KATEGORI_PENGADAAN (KATEGORI_PENGADAAN_ID, NAMA) VALUES(1, 'RM/PM');
INSERT INTO T1_KATEGORI_PENGADAAN (KATEGORI_PENGADAAN_ID, NAMA) VALUES(2, 'Services') ;  
INSERT INTO T1_KATEGORI_PENGADAAN (KATEGORI_PENGADAAN_ID, NAMA) VALUES(3, 'Technical Building') ; 
INSERT INTO SEQUENCE values ('T1_KATEGORI_PENGADAAN', 4);

# Flow Pengadaan
DELETE FROM T2_FLOW_PENGADAAN;
INSERT INTO T2_FLOW_PENGADAAN (FLOW_PENGADAAN_ID, NAMA, KATEGORI_PENGADAAN_ID) VALUES(1, 'New Sourcing', 1);
INSERT INTO T2_FLOW_PENGADAAN (FLOW_PENGADAAN_ID, NAMA, KATEGORI_PENGADAAN_ID) VALUES(2, 'RMPM Normal', 1) ;
INSERT INTO T2_FLOW_PENGADAAN (FLOW_PENGADAAN_ID, NAMA, KATEGORI_PENGADAAN_ID) VALUES(3, 'Asset', 2) ; 
INSERT INTO T2_FLOW_PENGADAAN (FLOW_PENGADAAN_ID, NAMA, KATEGORI_PENGADAAN_ID) VALUES(4, 'Services OPEX', 2) ; 
INSERT INTO SEQUENCE values ('T2_FLOW_PENGADAAN', 5);

#Jenis Pengadaan
DELETE FROM T1_JENIS_PENGADAAN;
insert into T1_JENIS_PENGADAAN (JENIS_PENGADAAN_ID, NAMA) values(1, 'Barang');
insert into T1_JENIS_PENGADAAN (JENIS_PENGADAAN_ID, NAMA) values(2, 'Jasa Konstruksi');
insert into T1_JENIS_PENGADAAN (JENIS_PENGADAAN_ID, NAMA) values(3, 'Jasa Konsultasi');
insert into T1_JENIS_PENGADAAN (JENIS_PENGADAAN_ID, NAMA) values(4, 'Jasa Lainnya');
insert into SEQUENCE values ('T1_JENIS_PENGADAAN', 5);

#Jenis Penawaran
DELETE FROM T1_JENIS_PENAWARAN;
insert into T1_JENIS_PENAWARAN (JENIS_PENAWARAN_ID, NAMA) values(1, 'Total');
#insert into T1_JENIS_PENAWARAN (JENIS_PENAWARAN_ID, NAMA) values(2, 'Satuan');
insert into SEQUENCE values ('T1_JENIS_PENAWARAN', 3);

#Jenis Pajak
DELETE FROM T1_JENIS_PAJAK;
insert into T1_JENIS_PAJAK (JENIS_PAJAK_ID, NAMA, DESKRIPSI, PROSENTASE) values(1, 'PPN', 'Test Nama Pajak', '10');
insert into T1_JENIS_PAJAK (JENIS_PAJAK_ID, NAMA, DESKRIPSI, PROSENTASE) values(2, 'PPH', 'Test Nama Pajak 2', '20');
insert into SEQUENCE values ('T1_JENIS_PAJAK', 3);

#METODE PENGADAAN
DELETE FROM T1_METODE_PENGADAAN;
INSERT INTO T1_METODE_PENGADAAN (METODE_PENGADAAN_ID, NAMA) VALUES(1, 'Pelelangan');
INSERT INTO T1_METODE_PENGADAAN (METODE_PENGADAAN_ID, NAMA) VALUES(2, 'Pelelangan Terbuka');
INSERT INTO T1_METODE_PENGADAAN (METODE_PENGADAAN_ID, NAMA) VALUES(3, 'Pelelangan Tertutup');
INSERT INTO T1_METODE_PENGADAAN (METODE_PENGADAAN_ID, NAMA) VALUES(4, 'Pemilihan Langsung');
INSERT INTO T1_METODE_PENGADAAN (METODE_PENGADAAN_ID, NAMA) VALUES(5, 'Penunjukan Langsung');
insert into SEQUENCE values ('T1_METODE_PENGADAAN', 6);

#Metode Penyampaian Dokumen Pengadaan
DELETE FROM T1_METODE_PENYAMPAIAN_DOKUMEN_PENGADAAN;
INSERT INTO T1_METODE_PENYAMPAIAN_DOKUMEN_PENGADAAN (METODE_PENYAMPAIAN_DOKUMEN_PENGADAAN_ID, NAMA) VALUES (1, '1 Sampul');
INSERT INTO T1_METODE_PENYAMPAIAN_DOKUMEN_PENGADAAN (METODE_PENYAMPAIAN_DOKUMEN_PENGADAAN_ID, NAMA) VALUES (2, '2 Sampul');
INSERT INTO T1_METODE_PENYAMPAIAN_DOKUMEN_PENGADAAN (METODE_PENYAMPAIAN_DOKUMEN_PENGADAAN_ID, NAMA) VALUES (3, '2 Tahap');
insert into SEQUENCE values ('T1_METODE_PENYAMPAIAN_DOKUMEN_PENGADAAN', 4);

#Metode Penawaran Harga    
DELETE FROM T1_METODE_PENAWARAN_HARGA;
INSERT INTO T1_METODE_PENAWARAN_HARGA (METODE_PENAWARAN_HARGA_ID, NAMA) VALUES(1, 'Bidding');
INSERT INTO T1_METODE_PENAWARAN_HARGA (METODE_PENAWARAN_HARGA_ID, NAMA) VALUES(2, 'Auction Terbuka');
INSERT INTO T1_METODE_PENAWARAN_HARGA (METODE_PENAWARAN_HARGA_ID, NAMA) VALUES(3, 'Auction Tertutup');
insert into SEQUENCE values ('T1_METODE_PENAWARAN_HARGA', 4);

#Sistem Evaluasi Penawaran
DELETE FROM T1_SISTEM_EVALUASI_PENAWARAN;
INSERT INTO T1_SISTEM_EVALUASI_PENAWARAN (SISTEM_EVALUASI_PENAWARAN_ID, NAMA) VALUES(1, 'Sistem Gugur');
INSERT INTO T1_SISTEM_EVALUASI_PENAWARAN (SISTEM_EVALUASI_PENAWARAN_ID, NAMA) VALUES(2, 'Merit Point');
#INSERT INTO T1_SISTEM_EVALUASI_PENAWARAN (SISTEM_EVALUASI_PENAWARAN_ID, NAMA) VALUES(3, 'Negosiasi Teknis dan Harga');
insert into SEQUENCE values ('T1_SISTEM_EVALUASI_PENAWARAN', 4);

#KUALIFIKASI VENDOR
DELETE FROM T1_KUALIFIKASI_VENDOR;
INSERT INTO T1_KUALIFIKASI_VENDOR (KUALIFIKASI_VENDOR_ID, NAMA) VALUES(1, 'Besar');
INSERT INTO T1_KUALIFIKASI_VENDOR (KUALIFIKASI_VENDOR_ID, NAMA) VALUES(2, 'Kecil');
INSERT INTO T1_KUALIFIKASI_VENDOR (KUALIFIKASI_VENDOR_ID, NAMA) VALUES(3, 'Tidak Dikualifikasikan');
insert into SEQUENCE values ('T1_KUALIFIKASI_VENDOR', 4);

#Kondisi Pengadaan
DELETE FROM T2_KONDISI_PENGADAAN;
#INSERT INTO T2_KONDISI_PENGADAAN (KONDISI_PENGADAAN_ID, JENIS_PENGADAAN_ID, METODE_PENGADAAN_ID, METODE_PENYAMPAIAN_DOKUMEN_PENGADAAN_ID, METODE_PENAWARAN_HARGA_ID, JENIS_PENAWARAN_ID, SISTEM_EVALUASI_PENAWARAN_ID, KUALIFIKASI_VENDOR_ID, VENDOR_REQUIREMENT_ID) VALUES (1, 1, 5, 1, 1, 1, 1, NULL, NULL);
#INSERT INTO T2_KONDISI_PENGADAAN (KONDISI_PENGADAAN_ID, JENIS_PENGADAAN_ID, METODE_PENGADAAN_ID, METODE_PENYAMPAIAN_DOKUMEN_PENGADAAN_ID, METODE_PENAWARAN_HARGA_ID, JENIS_PENAWARAN_ID, SISTEM_EVALUASI_PENAWARAN_ID, KUALIFIKASI_VENDOR_ID, VENDOR_REQUIREMENT_ID) VALUES (2, 1, 1, 1, 2, 1, 1, NULL, NULL);
#INSERT INTO T2_KONDISI_PENGADAAN (KONDISI_PENGADAAN_ID, JENIS_PENGADAAN_ID, METODE_PENGADAAN_ID, METODE_PENYAMPAIAN_DOKUMEN_PENGADAAN_ID, METODE_PENAWARAN_HARGA_ID, JENIS_PENAWARAN_ID, SISTEM_EVALUASI_PENAWARAN_ID, KUALIFIKASI_VENDOR_ID, VENDOR_REQUIREMENT_ID) VALUES (3, 1, 1, 1, 2, 1, 2, NULL, NULL);
#INSERT INTO T2_KONDISI_PENGADAAN (KONDISI_PENGADAAN_ID, JENIS_PENGADAAN_ID, METODE_PENGADAAN_ID, METODE_PENYAMPAIAN_DOKUMEN_PENGADAAN_ID, METODE_PENAWARAN_HARGA_ID, JENIS_PENAWARAN_ID, SISTEM_EVALUASI_PENAWARAN_ID, KUALIFIKASI_VENDOR_ID, VENDOR_REQUIREMENT_ID) VALUES (4, 1, 1, 2, 1, 1, 1, NULL, NULL);
#INSERT INTO T2_KONDISI_PENGADAAN (KONDISI_PENGADAAN_ID, JENIS_PENGADAAN_ID, METODE_PENGADAAN_ID, METODE_PENYAMPAIAN_DOKUMEN_PENGADAAN_ID, METODE_PENAWARAN_HARGA_ID, JENIS_PENAWARAN_ID, SISTEM_EVALUASI_PENAWARAN_ID, KUALIFIKASI_VENDOR_ID, VENDOR_REQUIREMENT_ID) VALUES (5, 1, 1, 2, 1, 1, 2, NULL, NULL);
#INSERT INTO T2_KONDISI_PENGADAAN (KONDISI_PENGADAAN_ID, JENIS_PENGADAAN_ID, METODE_PENGADAAN_ID, METODE_PENYAMPAIAN_DOKUMEN_PENGADAAN_ID, METODE_PENAWARAN_HARGA_ID, JENIS_PENAWARAN_ID, SISTEM_EVALUASI_PENAWARAN_ID, KUALIFIKASI_VENDOR_ID, VENDOR_REQUIREMENT_ID) VALUES (6, 1, 1, 3, 1, 1, 1, NULL, NULL);
#INSERT INTO T2_KONDISI_PENGADAAN (KONDISI_PENGADAAN_ID, JENIS_PENGADAAN_ID, METODE_PENGADAAN_ID, METODE_PENYAMPAIAN_DOKUMEN_PENGADAAN_ID, METODE_PENAWARAN_HARGA_ID, JENIS_PENAWARAN_ID, SISTEM_EVALUASI_PENAWARAN_ID, KUALIFIKASI_VENDOR_ID, VENDOR_REQUIREMENT_ID) VALUES (7, 1, 1, 3, 2, 1, 1, NULL, NULL);
#INSERT INTO T2_KONDISI_PENGADAAN (KONDISI_PENGADAAN_ID, JENIS_PENGADAAN_ID, METODE_PENGADAAN_ID, METODE_PENYAMPAIAN_DOKUMEN_PENGADAAN_ID, METODE_PENAWARAN_HARGA_ID, JENIS_PENAWARAN_ID, SISTEM_EVALUASI_PENAWARAN_ID, KUALIFIKASI_VENDOR_ID, VENDOR_REQUIREMENT_ID) VALUES (8, 1, 1, 3, 3, 1, 1, NULL, NULL);
#INSERT INTO T2_KONDISI_PENGADAAN (KONDISI_PENGADAAN_ID, JENIS_PENGADAAN_ID, METODE_PENGADAAN_ID, METODE_PENYAMPAIAN_DOKUMEN_PENGADAAN_ID, METODE_PENAWARAN_HARGA_ID, JENIS_PENAWARAN_ID, SISTEM_EVALUASI_PENAWARAN_ID, KUALIFIKASI_VENDOR_ID, VENDOR_REQUIREMENT_ID) VALUES (9, 1, 4, 1, 1, 1, 1, NULL, NULL);
#INSERT INTO T2_KONDISI_PENGADAAN (KONDISI_PENGADAAN_ID, JENIS_PENGADAAN_ID, METODE_PENGADAAN_ID, METODE_PENYAMPAIAN_DOKUMEN_PENGADAAN_ID, METODE_PENAWARAN_HARGA_ID, JENIS_PENAWARAN_ID, SISTEM_EVALUASI_PENAWARAN_ID, KUALIFIKASI_VENDOR_ID, VENDOR_REQUIREMENT_ID) VALUES (10, 1, 1, 1, 2, 1, 1, NULL, NULL);
#INSERT INTO T2_KONDISI_PENGADAAN (KONDISI_PENGADAAN_ID, JENIS_PENGADAAN_ID, METODE_PENGADAAN_ID, METODE_PENYAMPAIAN_DOKUMEN_PENGADAAN_ID, METODE_PENAWARAN_HARGA_ID, JENIS_PENAWARAN_ID, SISTEM_EVALUASI_PENAWARAN_ID, KUALIFIKASI_VENDOR_ID, VENDOR_REQUIREMENT_ID) VALUES (11, 1, 1, 1, 1, 1, 1, NULL, NULL);
#INSERT INTO T2_KONDISI_PENGADAAN (KONDISI_PENGADAAN_ID, JENIS_PENGADAAN_ID, METODE_PENGADAAN_ID, METODE_PENYAMPAIAN_DOKUMEN_PENGADAAN_ID, METODE_PENAWARAN_HARGA_ID, JENIS_PENAWARAN_ID, SISTEM_EVALUASI_PENAWARAN_ID, KUALIFIKASI_VENDOR_ID, VENDOR_REQUIREMENT_ID) VALUES (12, 1, 1, 3, 3, 1, 2, NULL, NULL);
#INSERT INTO T2_KONDISI_PENGADAAN (KONDISI_PENGADAAN_ID, JENIS_PENGADAAN_ID, METODE_PENGADAAN_ID, METODE_PENYAMPAIAN_DOKUMEN_PENGADAAN_ID, METODE_PENAWARAN_HARGA_ID, JENIS_PENAWARAN_ID, SISTEM_EVALUASI_PENAWARAN_ID, KUALIFIKASI_VENDOR_ID, VENDOR_REQUIREMENT_ID) VALUES (13, 1, 1, 3, 3, 1, 2, NULL, NULL);
#Kondisi Pengadaan - Astra Skenario 1 & 12
INSERT INTO T2_KONDISI_PENGADAAN (KONDISI_PENGADAAN_ID, JENIS_PENGADAAN_ID, METODE_PENGADAAN_ID, METODE_PENYAMPAIAN_DOKUMEN_PENGADAAN_ID, METODE_PENAWARAN_HARGA_ID, JENIS_PENAWARAN_ID, SISTEM_EVALUASI_PENAWARAN_ID, KUALIFIKASI_VENDOR_ID, VENDOR_REQUIREMENT_ID) VALUES (14, 1, 1, 1, 1, 1, 1, NULL, NULL);#Lelang, Bidding, Gugur
#Kondisi Pengadaan - Astra Skenario 2 & 10
INSERT INTO T2_KONDISI_PENGADAAN (KONDISI_PENGADAAN_ID, JENIS_PENGADAAN_ID, METODE_PENGADAAN_ID, METODE_PENYAMPAIAN_DOKUMEN_PENGADAAN_ID, METODE_PENAWARAN_HARGA_ID, JENIS_PENAWARAN_ID, SISTEM_EVALUASI_PENAWARAN_ID, KUALIFIKASI_VENDOR_ID, VENDOR_REQUIREMENT_ID) VALUES (15, 1, 1, 1, 2, 1, 2, NULL, NULL);#Lelang, Auction,Merit Point
#Kondisi Pengadaan - Astra Skenario 3 & 11
INSERT INTO T2_KONDISI_PENGADAAN (KONDISI_PENGADAAN_ID, JENIS_PENGADAAN_ID, METODE_PENGADAAN_ID, METODE_PENYAMPAIAN_DOKUMEN_PENGADAAN_ID, METODE_PENAWARAN_HARGA_ID, JENIS_PENAWARAN_ID, SISTEM_EVALUASI_PENAWARAN_ID, KUALIFIKASI_VENDOR_ID, VENDOR_REQUIREMENT_ID) VALUES (16, 1, 1, 1, 2, 1, 1, NULL, NULL);#Lelang, Auction, Gugur
#Kondisi Pengadaan - Astra Skenario 4 & 7
INSERT INTO T2_KONDISI_PENGADAAN (KONDISI_PENGADAAN_ID, JENIS_PENGADAAN_ID, METODE_PENGADAAN_ID, METODE_PENYAMPAIAN_DOKUMEN_PENGADAAN_ID, METODE_PENAWARAN_HARGA_ID, JENIS_PENAWARAN_ID, SISTEM_EVALUASI_PENAWARAN_ID, KUALIFIKASI_VENDOR_ID, VENDOR_REQUIREMENT_ID) VALUES (17, 1, 5, 1, 1, 1, 1, NULL, NULL);#Pengadaan Langsung,Bidding, Sistem Gugur
#Kondisi Pengadaan - Astra Skenario 5
INSERT INTO T2_KONDISI_PENGADAAN (KONDISI_PENGADAAN_ID, JENIS_PENGADAAN_ID, METODE_PENGADAAN_ID, METODE_PENYAMPAIAN_DOKUMEN_PENGADAAN_ID, METODE_PENAWARAN_HARGA_ID, JENIS_PENAWARAN_ID, SISTEM_EVALUASI_PENAWARAN_ID, KUALIFIKASI_VENDOR_ID, VENDOR_REQUIREMENT_ID) VALUES (18, 1, 4, 1, 2, 1, 2, NULL, NULL);#Pemilihan Langsung,Auction, Merit Point
#Kondisi Pengadaan - Astra Skenario 6
INSERT INTO T2_KONDISI_PENGADAAN (KONDISI_PENGADAAN_ID, JENIS_PENGADAAN_ID, METODE_PENGADAAN_ID, METODE_PENYAMPAIAN_DOKUMEN_PENGADAAN_ID, METODE_PENAWARAN_HARGA_ID, JENIS_PENAWARAN_ID, SISTEM_EVALUASI_PENAWARAN_ID, KUALIFIKASI_VENDOR_ID, VENDOR_REQUIREMENT_ID) VALUES (19, 1, 4, 1, 1, 1, 1, NULL, NULL);#Pemilihan Langsung,Bidding, Sistem Gugur
#Kondisi Pengadaan - Astra Skenario 9
INSERT INTO T2_KONDISI_PENGADAAN (KONDISI_PENGADAAN_ID, JENIS_PENGADAAN_ID, METODE_PENGADAAN_ID, METODE_PENYAMPAIAN_DOKUMEN_PENGADAAN_ID, METODE_PENAWARAN_HARGA_ID, JENIS_PENAWARAN_ID, SISTEM_EVALUASI_PENAWARAN_ID, KUALIFIKASI_VENDOR_ID, VENDOR_REQUIREMENT_ID) VALUES (20, 1, 4, 1, 2, 1, 1, NULL, NULL);#Pemilihan Langsung,Simple Auction, Sistem Gugur
#Kondisi Pengadaan - Astra Skenario 13
INSERT INTO T2_KONDISI_PENGADAAN (KONDISI_PENGADAAN_ID, JENIS_PENGADAAN_ID, METODE_PENGADAAN_ID, METODE_PENYAMPAIAN_DOKUMEN_PENGADAAN_ID, METODE_PENAWARAN_HARGA_ID, JENIS_PENAWARAN_ID, SISTEM_EVALUASI_PENAWARAN_ID, KUALIFIKASI_VENDOR_ID, VENDOR_REQUIREMENT_ID) VALUES (21, 1, 1, 1, 1, 1, 2, NULL, NULL);#Lelang, Bidding, Merit Point

insert into SEQUENCE values ('T2_KONDISI_PENGADAAN', 100);

#T3_ALUR_PENGADAAN
DELETE FROM T3_ALUR_PENGADAAN;
#INSERT INTO T3_ALUR_PENGADAAN (ALUR_PENGADAAN_ID, NAMA, KONDISI_PENGADAAN_ID) VALUES (1, 'PENGADAAN BARANG DAN JASA, 1 SAMPUL, BIDDING, GUGUR', 1);
#INSERT INTO T3_ALUR_PENGADAAN (ALUR_PENGADAAN_ID, NAMA, KONDISI_PENGADAAN_ID) VALUES (2, 'PENGADAAN BARANG DAN JASA, 1 SAMPUL, AUCTION, GUGUR', 2);
#INSERT INTO T3_ALUR_PENGADAAN (ALUR_PENGADAAN_ID, NAMA, KONDISI_PENGADAAN_ID) VALUES (3, 'PENGADAAN BARANG DAN JASA, 1 SAMPUL, AUCTION, MERIT POINT', 3);
#INSERT INTO T3_ALUR_PENGADAAN (ALUR_PENGADAAN_ID, NAMA, KONDISI_PENGADAAN_ID) VALUES (4, 'Pengadaan Barang Dan Jasa, Pilih Langsung, Bidding dan Gugur', 9);
#INSERT INTO T3_ALUR_PENGADAAN (ALUR_PENGADAAN_ID, NAMA, KONDISI_PENGADAAN_ID) VALUES (5, 'Pengadaan Barang Dan Jasa, Simple Auction dan Gugur', 10);
#INSERT INTO T3_ALUR_PENGADAAN (ALUR_PENGADAAN_ID, NAMA, KONDISI_PENGADAAN_ID) VALUES (8, 'Pengadaan Barang Dan Jasa, Prakualifikasi, 2 Tahap, AUCTION TERTUTUP, MERIT POINT,', 13);

#Astra - Skenario 1
INSERT INTO T3_ALUR_PENGADAAN (ALUR_PENGADAAN_ID, NAMA, KONDISI_PENGADAAN_ID) VALUES (10, 'ASTRA 01 - PELELANGAN, EVALUASI TEKNIS&ADMIN, SIMPLE BIDDING, SISTEM GUGUR', 14);
#Astra - Skenario 2
INSERT INTO T3_ALUR_PENGADAAN (ALUR_PENGADAAN_ID, NAMA, KONDISI_PENGADAAN_ID) VALUES (11, 'ASTRA 02 - PELELANGAN, EVALUASI TEKNIS&ADMIN, SIMPLE AUCTION TERBUKA, MERIT POINT', 15);
#Astra - Skenario 3
INSERT INTO T3_ALUR_PENGADAAN (ALUR_PENGADAAN_ID, NAMA, KONDISI_PENGADAAN_ID) VALUES (12, 'ASTRA 03 - PELELANGAN, SIMPLE BIDDING, SISTEM GUGUR', 14);
#Astra - Skenario 4
INSERT INTO T3_ALUR_PENGADAAN (ALUR_PENGADAAN_ID, NAMA, KONDISI_PENGADAAN_ID) VALUES (13, 'ASTRA 04 - PELELANGAN, SIMPLE AUCTION, SISTEM GUGUR', 16);
#Astra - Skenario 5
INSERT INTO T3_ALUR_PENGADAAN (ALUR_PENGADAAN_ID, NAMA, KONDISI_PENGADAAN_ID) VALUES (14, 'ASTRA 05 - PENUNJUKAN LANGSUNG, EVALUASI ADMIN&TEKNIS, BIDDING, SISTEM GUGUR', 17);
#Astra - Skenario 6
INSERT INTO T3_ALUR_PENGADAAN (ALUR_PENGADAAN_ID, NAMA, KONDISI_PENGADAAN_ID) VALUES (15, 'ASTRA 06 - PEMILIHAN LANGSUNG, EVALUASI ADMIN&TEKNIS, AUCTION, MERIT POINT', 18);
#Astra - Skenario 7
INSERT INTO T3_ALUR_PENGADAAN (ALUR_PENGADAAN_ID, NAMA, KONDISI_PENGADAAN_ID) VALUES (16, 'ASTRA 07 - PENUNJUKAN LANGSUNG, SIMPLE BIDDING, SISTEM GUGUR', 17);
#Astra - Skenario 8
INSERT INTO T3_ALUR_PENGADAAN (ALUR_PENGADAAN_ID, NAMA, KONDISI_PENGADAAN_ID) VALUES (17, 'ASTRA 08 - PEMILIHAN LANGSUNG, SIMPLE BIDDING, SISTEM GUGUR', 19);
#Astra - Skenario 9
INSERT INTO T3_ALUR_PENGADAAN (ALUR_PENGADAAN_ID, NAMA, KONDISI_PENGADAAN_ID) VALUES (18, 'ASTRA 09 - PEMILIHAN LANGSUNG, SIMPLE AUCTION', 20);
#Astra - Skenario 10
INSERT INTO T3_ALUR_PENGADAAN (ALUR_PENGADAAN_ID, NAMA, KONDISI_PENGADAAN_ID) VALUES (19, 'ASTRA 10 - PELELANGAN, EVALUASI TEKNIS&ADMIN, AUCTION, MERIT POINT', 15);
#Astra - Skenario 11
INSERT INTO T3_ALUR_PENGADAAN (ALUR_PENGADAAN_ID, NAMA, KONDISI_PENGADAAN_ID) VALUES (20, 'ASTRA 11 - PELELANGAN, EVALUASI TEKNIS&ADMIN, AUCTION, SISTEM GUGUR', 16);
#Astra - Skenario 12
INSERT INTO T3_ALUR_PENGADAAN (ALUR_PENGADAAN_ID, NAMA, KONDISI_PENGADAAN_ID) VALUES (21, 'ASTRA 12 - PELELANGAN, EVALUASI TEKNIS&ADMIN, BIDDING, SISTEM GUGUR', 14);
#Astra - Skenario 13
INSERT INTO T3_ALUR_PENGADAAN (ALUR_PENGADAAN_ID, NAMA, KONDISI_PENGADAAN_ID) VALUES (22, 'ASTRA 13 - PELELANGAN, EVALUASI TEKNIS&ADMIN, BIDDING, MERIT POINT', 21);


INSERT INTO SEQUENCE values ('T3_ALUR_PENGADAAN', 100);

#T4_TAHAPAN_PENGADAAN
DELETE FROM T4_TAHAPAN_PENGADAAN;
#Astra Internasional Test
#Sekenario 1
INSERT INTO T4_TAHAPAN_PENGADAAN (TAHAPAN_PENGADAAN_ID, KODE, TAHAPAN_ID, ALUR_PENGADAAN_ID, SEQUENCE) VALUES (300, 'PA01T01', 10010000, 10, 1);
INSERT INTO T4_TAHAPAN_PENGADAAN (TAHAPAN_PENGADAAN_ID, KODE, TAHAPAN_ID, ALUR_PENGADAAN_ID, SEQUENCE) VALUES (301, 'PA01T02', 10040000, 10, 2);
INSERT INTO T4_TAHAPAN_PENGADAAN (TAHAPAN_PENGADAAN_ID, KODE, TAHAPAN_ID, ALUR_PENGADAAN_ID, SEQUENCE) VALUES (303, 'PA01T04', 5, 10, -1);
INSERT INTO T4_TAHAPAN_PENGADAAN (TAHAPAN_PENGADAAN_ID, KODE, TAHAPAN_ID, ALUR_PENGADAAN_ID, SEQUENCE) VALUES (304, 'PA01T05', 6, 10, 3);
INSERT INTO T4_TAHAPAN_PENGADAAN (TAHAPAN_PENGADAAN_ID, KODE, TAHAPAN_ID, ALUR_PENGADAAN_ID, SEQUENCE) VALUES (305, 'PA01T06', 7, 10, 4);
INSERT INTO T4_TAHAPAN_PENGADAAN (TAHAPAN_PENGADAAN_ID, KODE, TAHAPAN_ID, ALUR_PENGADAAN_ID, SEQUENCE) VALUES (306, 'PA01T07', 11, 10, 5);
INSERT INTO T4_TAHAPAN_PENGADAAN (TAHAPAN_PENGADAAN_ID, KODE, TAHAPAN_ID, ALUR_PENGADAAN_ID, SEQUENCE) VALUES (307, 'PA01T08', 12, 10, 6);
INSERT INTO T4_TAHAPAN_PENGADAAN (TAHAPAN_PENGADAAN_ID, KODE, TAHAPAN_ID, ALUR_PENGADAAN_ID, SEQUENCE) VALUES (308, 'PA01T09', 13000001, 10, 7);
INSERT INTO T4_TAHAPAN_PENGADAAN (TAHAPAN_PENGADAAN_ID, KODE, TAHAPAN_ID, ALUR_PENGADAAN_ID, SEQUENCE) VALUES (309, 'PA01T10', 15, 10, 8);
INSERT INTO T4_TAHAPAN_PENGADAAN (TAHAPAN_PENGADAAN_ID, KODE, TAHAPAN_ID, ALUR_PENGADAAN_ID, SEQUENCE) VALUES (310, 'PA01T11', 10250000, 10, 9);
INSERT INTO T4_TAHAPAN_PENGADAAN (TAHAPAN_PENGADAAN_ID, KODE, TAHAPAN_ID, ALUR_PENGADAAN_ID, SEQUENCE) VALUES (311, 'PA01T12', 16, 10, 10);
INSERT INTO T4_TAHAPAN_PENGADAAN (TAHAPAN_PENGADAAN_ID, KODE, TAHAPAN_ID, ALUR_PENGADAAN_ID, SEQUENCE) VALUES (312, 'PA01T13', 17, 10, 11);
INSERT INTO T4_TAHAPAN_PENGADAAN (TAHAPAN_PENGADAAN_ID, KODE, TAHAPAN_ID, ALUR_PENGADAAN_ID, SEQUENCE) VALUES (313, 'PA01T14', 21, 10, 12);
#Sekenario 2
INSERT INTO T4_TAHAPAN_PENGADAAN (TAHAPAN_PENGADAAN_ID, KODE, TAHAPAN_ID, ALUR_PENGADAAN_ID, SEQUENCE) VALUES (400, 'PA02T01', 10010000, 11, 1);
INSERT INTO T4_TAHAPAN_PENGADAAN (TAHAPAN_PENGADAAN_ID, KODE, TAHAPAN_ID, ALUR_PENGADAAN_ID, SEQUENCE) VALUES (401, 'PA02T02', 10040000, 11, 2);
INSERT INTO T4_TAHAPAN_PENGADAAN (TAHAPAN_PENGADAAN_ID, KODE, TAHAPAN_ID, ALUR_PENGADAAN_ID, SEQUENCE) VALUES (403, 'PA02T04', 5, 11, -1);
INSERT INTO T4_TAHAPAN_PENGADAAN (TAHAPAN_PENGADAAN_ID, KODE, TAHAPAN_ID, ALUR_PENGADAAN_ID, SEQUENCE) VALUES (404, 'PA02T05', 6, 11, 3);
INSERT INTO T4_TAHAPAN_PENGADAAN (TAHAPAN_PENGADAAN_ID, KODE, TAHAPAN_ID, ALUR_PENGADAAN_ID, SEQUENCE) VALUES (405, 'PA02T06', 7, 11, 4);
INSERT INTO T4_TAHAPAN_PENGADAAN (TAHAPAN_PENGADAAN_ID, KODE, TAHAPAN_ID, ALUR_PENGADAAN_ID, SEQUENCE) VALUES (406, 'PA02T07', 11, 11, 5);
INSERT INTO T4_TAHAPAN_PENGADAAN (TAHAPAN_PENGADAAN_ID, KODE, TAHAPAN_ID, ALUR_PENGADAAN_ID, SEQUENCE) VALUES (407, 'PA02T08', 12, 11, 6);
INSERT INTO T4_TAHAPAN_PENGADAAN (TAHAPAN_PENGADAAN_ID, KODE, TAHAPAN_ID, ALUR_PENGADAAN_ID, SEQUENCE) VALUES (408, 'PA02T09', 14000001, 11, 7);
INSERT INTO T4_TAHAPAN_PENGADAAN (TAHAPAN_PENGADAAN_ID, KODE, TAHAPAN_ID, ALUR_PENGADAAN_ID, SEQUENCE) VALUES (409, 'PA02T10', 15, 11, 8);
INSERT INTO T4_TAHAPAN_PENGADAAN (TAHAPAN_PENGADAAN_ID, KODE, TAHAPAN_ID, ALUR_PENGADAAN_ID, SEQUENCE) VALUES (410, 'PA02T11', 10250000, 11, 9);
INSERT INTO T4_TAHAPAN_PENGADAAN (TAHAPAN_PENGADAAN_ID, KODE, TAHAPAN_ID, ALUR_PENGADAAN_ID, SEQUENCE) VALUES (411, 'PA02T12', 16, 11, 10);
INSERT INTO T4_TAHAPAN_PENGADAAN (TAHAPAN_PENGADAAN_ID, KODE, TAHAPAN_ID, ALUR_PENGADAAN_ID, SEQUENCE) VALUES (412, 'PA02T13', 17, 11, 11);
INSERT INTO T4_TAHAPAN_PENGADAAN (TAHAPAN_PENGADAAN_ID, KODE, TAHAPAN_ID, ALUR_PENGADAAN_ID, SEQUENCE) VALUES (413, 'PA02T14', 21, 11, 12);
#Skenario 3 
INSERT INTO T4_TAHAPAN_PENGADAAN (TAHAPAN_PENGADAAN_ID, KODE, TAHAPAN_ID, ALUR_PENGADAAN_ID, SEQUENCE) VALUES (500, 'PB03T01', 10010000, 12, 1);
INSERT INTO T4_TAHAPAN_PENGADAAN (TAHAPAN_PENGADAAN_ID, KODE, TAHAPAN_ID, ALUR_PENGADAAN_ID, SEQUENCE) VALUES (501, 'PB03T02', 5, 12, -1);
INSERT INTO T4_TAHAPAN_PENGADAAN (TAHAPAN_PENGADAAN_ID, KODE, TAHAPAN_ID, ALUR_PENGADAAN_ID, SEQUENCE) VALUES (502, 'PB03T03', 6, 12, 2);
INSERT INTO T4_TAHAPAN_PENGADAAN (TAHAPAN_PENGADAAN_ID, KODE, TAHAPAN_ID, ALUR_PENGADAAN_ID, SEQUENCE) VALUES (503, 'PB03T04', 13000001, 12, 3);
INSERT INTO T4_TAHAPAN_PENGADAAN (TAHAPAN_PENGADAAN_ID, KODE, TAHAPAN_ID, ALUR_PENGADAAN_ID, SEQUENCE) VALUES (504, 'PB03T05', 17, 12, 4);
INSERT INTO T4_TAHAPAN_PENGADAAN (TAHAPAN_PENGADAAN_ID, KODE, TAHAPAN_ID, ALUR_PENGADAAN_ID, SEQUENCE) VALUES (505, 'PB03T06', 21, 12, 5);
#Skenario 4
INSERT INTO T4_TAHAPAN_PENGADAAN (TAHAPAN_PENGADAAN_ID, KODE, TAHAPAN_ID, ALUR_PENGADAAN_ID, SEQUENCE) VALUES (600, 'PB03T01', 10010000, 13, 1);
INSERT INTO T4_TAHAPAN_PENGADAAN (TAHAPAN_PENGADAAN_ID, KODE, TAHAPAN_ID, ALUR_PENGADAAN_ID, SEQUENCE) VALUES (601, 'PB03T02', 5, 13, -1);
INSERT INTO T4_TAHAPAN_PENGADAAN (TAHAPAN_PENGADAAN_ID, KODE, TAHAPAN_ID, ALUR_PENGADAAN_ID, SEQUENCE) VALUES (602, 'PB03T03', 6, 13, 2);
INSERT INTO T4_TAHAPAN_PENGADAAN (TAHAPAN_PENGADAAN_ID, KODE, TAHAPAN_ID, ALUR_PENGADAAN_ID, SEQUENCE) VALUES (603, 'PB03T04', 14000001, 13, 3);
INSERT INTO T4_TAHAPAN_PENGADAAN (TAHAPAN_PENGADAAN_ID, KODE, TAHAPAN_ID, ALUR_PENGADAAN_ID, SEQUENCE) VALUES (604, 'PB03T05', 17, 13, 4);
INSERT INTO T4_TAHAPAN_PENGADAAN (TAHAPAN_PENGADAAN_ID, KODE, TAHAPAN_ID, ALUR_PENGADAAN_ID, SEQUENCE) VALUES (605, 'PB03T06', 21, 13, 5);
#Skenario 5
INSERT INTO T4_TAHAPAN_PENGADAAN (TAHAPAN_PENGADAAN_ID, KODE, TAHAPAN_ID, ALUR_PENGADAAN_ID, SEQUENCE) VALUES (700, 'PA05T01', 10010000, 14, 1);
INSERT INTO T4_TAHAPAN_PENGADAAN (TAHAPAN_PENGADAAN_ID, KODE, TAHAPAN_ID, ALUR_PENGADAAN_ID, SEQUENCE) VALUES (701, 'PA05T02', 10130200, 14, -1);
INSERT INTO T4_TAHAPAN_PENGADAAN (TAHAPAN_PENGADAAN_ID, KODE, TAHAPAN_ID, ALUR_PENGADAAN_ID, SEQUENCE) VALUES (702, 'PA05T03', 6, 14, 2);
INSERT INTO T4_TAHAPAN_PENGADAAN (TAHAPAN_PENGADAAN_ID, KODE, TAHAPAN_ID, ALUR_PENGADAAN_ID, SEQUENCE) VALUES (703, 'PA05T04', 7, 14, 3);
INSERT INTO T4_TAHAPAN_PENGADAAN (TAHAPAN_PENGADAAN_ID, KODE, TAHAPAN_ID, ALUR_PENGADAAN_ID, SEQUENCE) VALUES (704, 'PA05T05', 9, 14, 4);
INSERT INTO T4_TAHAPAN_PENGADAAN (TAHAPAN_PENGADAAN_ID, KODE, TAHAPAN_ID, ALUR_PENGADAAN_ID, SEQUENCE) VALUES (705, 'PA05T06', 10, 14, 5);
INSERT INTO T4_TAHAPAN_PENGADAAN (TAHAPAN_PENGADAAN_ID, KODE, TAHAPAN_ID, ALUR_PENGADAAN_ID, SEQUENCE) VALUES (706, 'PA05T07', 11, 14, 6);
INSERT INTO T4_TAHAPAN_PENGADAAN (TAHAPAN_PENGADAAN_ID, KODE, TAHAPAN_ID, ALUR_PENGADAAN_ID, SEQUENCE) VALUES (707, 'PA05T08', 12, 14, 7);
INSERT INTO T4_TAHAPAN_PENGADAAN (TAHAPAN_PENGADAAN_ID, KODE, TAHAPAN_ID, ALUR_PENGADAAN_ID, SEQUENCE) VALUES (708, 'PA05T09', 13, 14, 8);
INSERT INTO T4_TAHAPAN_PENGADAAN (TAHAPAN_PENGADAAN_ID, KODE, TAHAPAN_ID, ALUR_PENGADAAN_ID, SEQUENCE) VALUES (709, 'PA05T10', 15, 14, 9);
INSERT INTO T4_TAHAPAN_PENGADAAN (TAHAPAN_PENGADAAN_ID, KODE, TAHAPAN_ID, ALUR_PENGADAAN_ID, SEQUENCE) VALUES (710, 'PA05T11', 16, 14, 10);
INSERT INTO T4_TAHAPAN_PENGADAAN (TAHAPAN_PENGADAAN_ID, KODE, TAHAPAN_ID, ALUR_PENGADAAN_ID, SEQUENCE) VALUES (711, 'PA05T12', 17, 14, 11);
INSERT INTO T4_TAHAPAN_PENGADAAN (TAHAPAN_PENGADAAN_ID, KODE, TAHAPAN_ID, ALUR_PENGADAAN_ID, SEQUENCE) VALUES (712, 'PA05T13', 19, 14, 12);
INSERT INTO T4_TAHAPAN_PENGADAAN (TAHAPAN_PENGADAAN_ID, KODE, TAHAPAN_ID, ALUR_PENGADAAN_ID, SEQUENCE) VALUES (713, 'PA05T14', 21, 14, 13);
#Skenario 6
INSERT INTO T4_TAHAPAN_PENGADAAN (TAHAPAN_PENGADAAN_ID, KODE, TAHAPAN_ID, ALUR_PENGADAAN_ID, SEQUENCE) VALUES (800, 'PA06T01', 10010000, 15, 1);
INSERT INTO T4_TAHAPAN_PENGADAAN (TAHAPAN_PENGADAAN_ID, KODE, TAHAPAN_ID, ALUR_PENGADAAN_ID, SEQUENCE) VALUES (801, 'PA06T02', 10130200, 15, -1);
INSERT INTO T4_TAHAPAN_PENGADAAN (TAHAPAN_PENGADAAN_ID, KODE, TAHAPAN_ID, ALUR_PENGADAAN_ID, SEQUENCE) VALUES (802, 'PA06T03', 6, 15, 2);
INSERT INTO T4_TAHAPAN_PENGADAAN (TAHAPAN_PENGADAAN_ID, KODE, TAHAPAN_ID, ALUR_PENGADAAN_ID, SEQUENCE) VALUES (803, 'PA06T04', 7, 15, 3);
INSERT INTO T4_TAHAPAN_PENGADAAN (TAHAPAN_PENGADAAN_ID, KODE, TAHAPAN_ID, ALUR_PENGADAAN_ID, SEQUENCE) VALUES (804, 'PA06T05', 9, 15, 4);
INSERT INTO T4_TAHAPAN_PENGADAAN (TAHAPAN_PENGADAAN_ID, KODE, TAHAPAN_ID, ALUR_PENGADAAN_ID, SEQUENCE) VALUES (805, 'PA06T06', 10, 15, 5);
INSERT INTO T4_TAHAPAN_PENGADAAN (TAHAPAN_PENGADAAN_ID, KODE, TAHAPAN_ID, ALUR_PENGADAAN_ID, SEQUENCE) VALUES (806, 'PA06T07', 11, 15, 6);
INSERT INTO T4_TAHAPAN_PENGADAAN (TAHAPAN_PENGADAAN_ID, KODE, TAHAPAN_ID, ALUR_PENGADAAN_ID, SEQUENCE) VALUES (807, 'PA06T08', 12, 15, 7);
INSERT INTO T4_TAHAPAN_PENGADAAN (TAHAPAN_PENGADAAN_ID, KODE, TAHAPAN_ID, ALUR_PENGADAAN_ID, SEQUENCE) VALUES (808, 'PA06T09', 14, 15, 8);
INSERT INTO T4_TAHAPAN_PENGADAAN (TAHAPAN_PENGADAAN_ID, KODE, TAHAPAN_ID, ALUR_PENGADAAN_ID, SEQUENCE) VALUES (809, 'PA06T10', 10250000, 15, 9);
INSERT INTO T4_TAHAPAN_PENGADAAN (TAHAPAN_PENGADAAN_ID, KODE, TAHAPAN_ID, ALUR_PENGADAAN_ID, SEQUENCE) VALUES (810, 'PA05T11', 15, 15, 10);
INSERT INTO T4_TAHAPAN_PENGADAAN (TAHAPAN_PENGADAAN_ID, KODE, TAHAPAN_ID, ALUR_PENGADAAN_ID, SEQUENCE) VALUES (811, 'PA06T12', 16, 15, 11);
INSERT INTO T4_TAHAPAN_PENGADAAN (TAHAPAN_PENGADAAN_ID, KODE, TAHAPAN_ID, ALUR_PENGADAAN_ID, SEQUENCE) VALUES (812, 'PA06T13', 17, 15, 12);
INSERT INTO T4_TAHAPAN_PENGADAAN (TAHAPAN_PENGADAAN_ID, KODE, TAHAPAN_ID, ALUR_PENGADAAN_ID, SEQUENCE) VALUES (813, 'PA06T14', 19, 15, 13);
INSERT INTO T4_TAHAPAN_PENGADAAN (TAHAPAN_PENGADAAN_ID, KODE, TAHAPAN_ID, ALUR_PENGADAAN_ID, SEQUENCE) VALUES (814, 'PA06T15', 21, 15, 14);
#Skenario 7
INSERT INTO T4_TAHAPAN_PENGADAAN (TAHAPAN_PENGADAAN_ID, KODE, TAHAPAN_ID, ALUR_PENGADAAN_ID, SEQUENCE) VALUES (900, 'PA07T01', 10010000, 16, 1);
INSERT INTO T4_TAHAPAN_PENGADAAN (TAHAPAN_PENGADAAN_ID, KODE, TAHAPAN_ID, ALUR_PENGADAAN_ID, SEQUENCE) VALUES (901, 'PA07T02', 10130200, 16, -1);
INSERT INTO T4_TAHAPAN_PENGADAAN (TAHAPAN_PENGADAAN_ID, KODE, TAHAPAN_ID, ALUR_PENGADAAN_ID, SEQUENCE) VALUES (902, 'PA07T03', 6, 16, 2);
INSERT INTO T4_TAHAPAN_PENGADAAN (TAHAPAN_PENGADAAN_ID, KODE, TAHAPAN_ID, ALUR_PENGADAAN_ID, SEQUENCE) VALUES (903, 'PA07T04', 13000001, 16, 3);
INSERT INTO T4_TAHAPAN_PENGADAAN (TAHAPAN_PENGADAAN_ID, KODE, TAHAPAN_ID, ALUR_PENGADAAN_ID, SEQUENCE) VALUES (904, 'PA07T05', 15, 16, 4);
INSERT INTO T4_TAHAPAN_PENGADAAN (TAHAPAN_PENGADAAN_ID, KODE, TAHAPAN_ID, ALUR_PENGADAAN_ID, SEQUENCE) VALUES (905, 'PA07T06', 17, 16, 5);
INSERT INTO T4_TAHAPAN_PENGADAAN (TAHAPAN_PENGADAAN_ID, KODE, TAHAPAN_ID, ALUR_PENGADAAN_ID, SEQUENCE) VALUES (906, 'PA07T07', 21, 16, 6);
#Skenario 8
INSERT INTO T4_TAHAPAN_PENGADAAN (TAHAPAN_PENGADAAN_ID, KODE, TAHAPAN_ID, ALUR_PENGADAAN_ID, SEQUENCE) VALUES (910, 'PA07T01', 10010000, 17, 1);
INSERT INTO T4_TAHAPAN_PENGADAAN (TAHAPAN_PENGADAAN_ID, KODE, TAHAPAN_ID, ALUR_PENGADAAN_ID, SEQUENCE) VALUES (911, 'PA07T02', 10130200, 17, -1);
INSERT INTO T4_TAHAPAN_PENGADAAN (TAHAPAN_PENGADAAN_ID, KODE, TAHAPAN_ID, ALUR_PENGADAAN_ID, SEQUENCE) VALUES (912, 'PA07T03', 6, 17, 2);
INSERT INTO T4_TAHAPAN_PENGADAAN (TAHAPAN_PENGADAAN_ID, KODE, TAHAPAN_ID, ALUR_PENGADAAN_ID, SEQUENCE) VALUES (913, 'PA07T04', 13000001, 17, 3);
INSERT INTO T4_TAHAPAN_PENGADAAN (TAHAPAN_PENGADAAN_ID, KODE, TAHAPAN_ID, ALUR_PENGADAAN_ID, SEQUENCE) VALUES (914, 'PA07T05', 15, 17, 4);
INSERT INTO T4_TAHAPAN_PENGADAAN (TAHAPAN_PENGADAAN_ID, KODE, TAHAPAN_ID, ALUR_PENGADAAN_ID, SEQUENCE) VALUES (915, 'PA07T06', 17, 17, 5);
INSERT INTO T4_TAHAPAN_PENGADAAN (TAHAPAN_PENGADAAN_ID, KODE, TAHAPAN_ID, ALUR_PENGADAAN_ID, SEQUENCE) VALUES (916, 'PA07T07', 21, 17, 6);
#Skenario 9
INSERT INTO T4_TAHAPAN_PENGADAAN (TAHAPAN_PENGADAAN_ID, KODE, TAHAPAN_ID, ALUR_PENGADAAN_ID, SEQUENCE) VALUES (920, 'PA07T01', 10010000, 18, 1);
INSERT INTO T4_TAHAPAN_PENGADAAN (TAHAPAN_PENGADAAN_ID, KODE, TAHAPAN_ID, ALUR_PENGADAAN_ID, SEQUENCE) VALUES (921, 'PA07T02', 10130200, 18, -1);
INSERT INTO T4_TAHAPAN_PENGADAAN (TAHAPAN_PENGADAAN_ID, KODE, TAHAPAN_ID, ALUR_PENGADAAN_ID, SEQUENCE) VALUES (922, 'PA07T03', 6, 18, 2);
INSERT INTO T4_TAHAPAN_PENGADAAN (TAHAPAN_PENGADAAN_ID, KODE, TAHAPAN_ID, ALUR_PENGADAAN_ID, SEQUENCE) VALUES (923, 'PA07T04', 14000001, 18, 3);
INSERT INTO T4_TAHAPAN_PENGADAAN (TAHAPAN_PENGADAAN_ID, KODE, TAHAPAN_ID, ALUR_PENGADAAN_ID, SEQUENCE) VALUES (924, 'PA07T05', 15, 18, 4);
INSERT INTO T4_TAHAPAN_PENGADAAN (TAHAPAN_PENGADAAN_ID, KODE, TAHAPAN_ID, ALUR_PENGADAAN_ID, SEQUENCE) VALUES (925, 'PA07T06', 17, 18, 5);
INSERT INTO T4_TAHAPAN_PENGADAAN (TAHAPAN_PENGADAAN_ID, KODE, TAHAPAN_ID, ALUR_PENGADAAN_ID, SEQUENCE) VALUES (926, 'PA07T07', 21, 18, 6);

#Skenario 10
INSERT INTO T4_TAHAPAN_PENGADAAN (TAHAPAN_PENGADAAN_ID, KODE, TAHAPAN_ID, ALUR_PENGADAAN_ID, SEQUENCE) VALUES (930, 'PA10T01', 10010000, 19, 1);
INSERT INTO T4_TAHAPAN_PENGADAAN (TAHAPAN_PENGADAAN_ID, KODE, TAHAPAN_ID, ALUR_PENGADAAN_ID, SEQUENCE) VALUES (931, 'PA10T02', 10040000, 19, 2);
INSERT INTO T4_TAHAPAN_PENGADAAN (TAHAPAN_PENGADAAN_ID, KODE, TAHAPAN_ID, ALUR_PENGADAAN_ID, SEQUENCE) VALUES (932, 'PA10T03', 5, 19, -1);
INSERT INTO T4_TAHAPAN_PENGADAAN (TAHAPAN_PENGADAAN_ID, KODE, TAHAPAN_ID, ALUR_PENGADAAN_ID, SEQUENCE) VALUES (933, 'PA10T04', 6, 19, 3);
INSERT INTO T4_TAHAPAN_PENGADAAN (TAHAPAN_PENGADAAN_ID, KODE, TAHAPAN_ID, ALUR_PENGADAAN_ID, SEQUENCE) VALUES (934, 'PA10T05', 7, 19, 4);
INSERT INTO T4_TAHAPAN_PENGADAAN (TAHAPAN_PENGADAAN_ID, KODE, TAHAPAN_ID, ALUR_PENGADAAN_ID, SEQUENCE) VALUES (935, 'PA10T06', 9, 19, 5);
INSERT INTO T4_TAHAPAN_PENGADAAN (TAHAPAN_PENGADAAN_ID, KODE, TAHAPAN_ID, ALUR_PENGADAAN_ID, SEQUENCE) VALUES (936, 'PA10T07', 10, 19, 6);
INSERT INTO T4_TAHAPAN_PENGADAAN (TAHAPAN_PENGADAAN_ID, KODE, TAHAPAN_ID, ALUR_PENGADAAN_ID, SEQUENCE) VALUES (937, 'PA10T08', 11, 19, 7);
INSERT INTO T4_TAHAPAN_PENGADAAN (TAHAPAN_PENGADAAN_ID, KODE, TAHAPAN_ID, ALUR_PENGADAAN_ID, SEQUENCE) VALUES (938, 'PA10T09', 12, 19, 8);
INSERT INTO T4_TAHAPAN_PENGADAAN (TAHAPAN_PENGADAAN_ID, KODE, TAHAPAN_ID, ALUR_PENGADAAN_ID, SEQUENCE) VALUES (939, 'PA10T10', 14, 19, 9);
INSERT INTO T4_TAHAPAN_PENGADAAN (TAHAPAN_PENGADAAN_ID, KODE, TAHAPAN_ID, ALUR_PENGADAAN_ID, SEQUENCE) VALUES (940, 'PA10T11', 15, 19, 10);
INSERT INTO T4_TAHAPAN_PENGADAAN (TAHAPAN_PENGADAAN_ID, KODE, TAHAPAN_ID, ALUR_PENGADAAN_ID, SEQUENCE) VALUES (941, 'PA10T12', 16, 19, 11);
INSERT INTO T4_TAHAPAN_PENGADAAN (TAHAPAN_PENGADAAN_ID, KODE, TAHAPAN_ID, ALUR_PENGADAAN_ID, SEQUENCE) VALUES (942, 'PA10T13', 17, 19, 12);
INSERT INTO T4_TAHAPAN_PENGADAAN (TAHAPAN_PENGADAAN_ID, KODE, TAHAPAN_ID, ALUR_PENGADAAN_ID, SEQUENCE) VALUES (943, 'PA10T14', 21, 19, 13);

#Skenario 11
INSERT INTO T4_TAHAPAN_PENGADAAN (TAHAPAN_PENGADAAN_ID, KODE, TAHAPAN_ID, ALUR_PENGADAAN_ID, SEQUENCE) VALUES (950, 'PA11T01', 10010000, 20, 1);
INSERT INTO T4_TAHAPAN_PENGADAAN (TAHAPAN_PENGADAAN_ID, KODE, TAHAPAN_ID, ALUR_PENGADAAN_ID, SEQUENCE) VALUES (951, 'PA11T02', 10040000, 20, 2);
INSERT INTO T4_TAHAPAN_PENGADAAN (TAHAPAN_PENGADAAN_ID, KODE, TAHAPAN_ID, ALUR_PENGADAAN_ID, SEQUENCE) VALUES (952, 'PA11T03', 5, 20, -1);
INSERT INTO T4_TAHAPAN_PENGADAAN (TAHAPAN_PENGADAAN_ID, KODE, TAHAPAN_ID, ALUR_PENGADAAN_ID, SEQUENCE) VALUES (953, 'PA11T04', 6, 20, 3);
INSERT INTO T4_TAHAPAN_PENGADAAN (TAHAPAN_PENGADAAN_ID, KODE, TAHAPAN_ID, ALUR_PENGADAAN_ID, SEQUENCE) VALUES (954, 'PA11T05', 7, 20, 4);
INSERT INTO T4_TAHAPAN_PENGADAAN (TAHAPAN_PENGADAAN_ID, KODE, TAHAPAN_ID, ALUR_PENGADAAN_ID, SEQUENCE) VALUES (955, 'PA11T06', 9, 20, 5);
INSERT INTO T4_TAHAPAN_PENGADAAN (TAHAPAN_PENGADAAN_ID, KODE, TAHAPAN_ID, ALUR_PENGADAAN_ID, SEQUENCE) VALUES (956, 'PA11T07', 10, 20, 6);
INSERT INTO T4_TAHAPAN_PENGADAAN (TAHAPAN_PENGADAAN_ID, KODE, TAHAPAN_ID, ALUR_PENGADAAN_ID, SEQUENCE) VALUES (957, 'PA11T08', 11, 20, 7);
INSERT INTO T4_TAHAPAN_PENGADAAN (TAHAPAN_PENGADAAN_ID, KODE, TAHAPAN_ID, ALUR_PENGADAAN_ID, SEQUENCE) VALUES (958, 'PA11T09', 12, 20, 8);
INSERT INTO T4_TAHAPAN_PENGADAAN (TAHAPAN_PENGADAAN_ID, KODE, TAHAPAN_ID, ALUR_PENGADAAN_ID, SEQUENCE) VALUES (959, 'PA11T10', 14, 20, 9);
INSERT INTO T4_TAHAPAN_PENGADAAN (TAHAPAN_PENGADAAN_ID, KODE, TAHAPAN_ID, ALUR_PENGADAAN_ID, SEQUENCE) VALUES (960, 'PA11T11', 15, 20, 10);
INSERT INTO T4_TAHAPAN_PENGADAAN (TAHAPAN_PENGADAAN_ID, KODE, TAHAPAN_ID, ALUR_PENGADAAN_ID, SEQUENCE) VALUES (961, 'PA11T12', 16, 20, 11);
INSERT INTO T4_TAHAPAN_PENGADAAN (TAHAPAN_PENGADAAN_ID, KODE, TAHAPAN_ID, ALUR_PENGADAAN_ID, SEQUENCE) VALUES (962, 'PA11T13', 17, 20, 12);
INSERT INTO T4_TAHAPAN_PENGADAAN (TAHAPAN_PENGADAAN_ID, KODE, TAHAPAN_ID, ALUR_PENGADAAN_ID, SEQUENCE) VALUES (963, 'PA11T14', 21, 20, 13);

#Skenario 12
INSERT INTO T4_TAHAPAN_PENGADAAN (TAHAPAN_PENGADAAN_ID, KODE, TAHAPAN_ID, ALUR_PENGADAAN_ID, SEQUENCE) VALUES (970, 'PA12T01', 10010000, 21, 1);
INSERT INTO T4_TAHAPAN_PENGADAAN (TAHAPAN_PENGADAAN_ID, KODE, TAHAPAN_ID, ALUR_PENGADAAN_ID, SEQUENCE) VALUES (971, 'PA12T02', 10040000, 21, 2);
INSERT INTO T4_TAHAPAN_PENGADAAN (TAHAPAN_PENGADAAN_ID, KODE, TAHAPAN_ID, ALUR_PENGADAAN_ID, SEQUENCE) VALUES (972, 'PA12T03', 5, 21, -1);
INSERT INTO T4_TAHAPAN_PENGADAAN (TAHAPAN_PENGADAAN_ID, KODE, TAHAPAN_ID, ALUR_PENGADAAN_ID, SEQUENCE) VALUES (973, 'PA12T04', 6, 21, 3);
INSERT INTO T4_TAHAPAN_PENGADAAN (TAHAPAN_PENGADAAN_ID, KODE, TAHAPAN_ID, ALUR_PENGADAAN_ID, SEQUENCE) VALUES (974, 'PA12T05', 7, 21, 4);
INSERT INTO T4_TAHAPAN_PENGADAAN (TAHAPAN_PENGADAAN_ID, KODE, TAHAPAN_ID, ALUR_PENGADAAN_ID, SEQUENCE) VALUES (975, 'PA12T06', 9, 21, 5);
INSERT INTO T4_TAHAPAN_PENGADAAN (TAHAPAN_PENGADAAN_ID, KODE, TAHAPAN_ID, ALUR_PENGADAAN_ID, SEQUENCE) VALUES (976, 'PA12T07', 10, 21, 6);
INSERT INTO T4_TAHAPAN_PENGADAAN (TAHAPAN_PENGADAAN_ID, KODE, TAHAPAN_ID, ALUR_PENGADAAN_ID, SEQUENCE) VALUES (977, 'PA12T08', 11, 21, 7);
INSERT INTO T4_TAHAPAN_PENGADAAN (TAHAPAN_PENGADAAN_ID, KODE, TAHAPAN_ID, ALUR_PENGADAAN_ID, SEQUENCE) VALUES (978, 'PA12T09', 12, 21, 8);
INSERT INTO T4_TAHAPAN_PENGADAAN (TAHAPAN_PENGADAAN_ID, KODE, TAHAPAN_ID, ALUR_PENGADAAN_ID, SEQUENCE) VALUES (979, 'PA12T10', 13, 21, 9);
INSERT INTO T4_TAHAPAN_PENGADAAN (TAHAPAN_PENGADAAN_ID, KODE, TAHAPAN_ID, ALUR_PENGADAAN_ID, SEQUENCE) VALUES (980, 'PA12T11', 15, 21, 10);
INSERT INTO T4_TAHAPAN_PENGADAAN (TAHAPAN_PENGADAAN_ID, KODE, TAHAPAN_ID, ALUR_PENGADAAN_ID, SEQUENCE) VALUES (981, 'PA12T12', 16, 21, 11);
INSERT INTO T4_TAHAPAN_PENGADAAN (TAHAPAN_PENGADAAN_ID, KODE, TAHAPAN_ID, ALUR_PENGADAAN_ID, SEQUENCE) VALUES (982, 'PA12T13', 17, 21, 12);
INSERT INTO T4_TAHAPAN_PENGADAAN (TAHAPAN_PENGADAAN_ID, KODE, TAHAPAN_ID, ALUR_PENGADAAN_ID, SEQUENCE) VALUES (983, 'PA12T14', 21, 21, 13);
#Skenario 13
INSERT INTO T4_TAHAPAN_PENGADAAN (TAHAPAN_PENGADAAN_ID, KODE, TAHAPAN_ID, ALUR_PENGADAAN_ID, SEQUENCE) VALUES (990, 'PA13T01', 10010000, 22, 1);
INSERT INTO T4_TAHAPAN_PENGADAAN (TAHAPAN_PENGADAAN_ID, KODE, TAHAPAN_ID, ALUR_PENGADAAN_ID, SEQUENCE) VALUES (991, 'PA13T02', 10040000, 22, 2);
INSERT INTO T4_TAHAPAN_PENGADAAN (TAHAPAN_PENGADAAN_ID, KODE, TAHAPAN_ID, ALUR_PENGADAAN_ID, SEQUENCE) VALUES (992, 'PA13T03', 5, 22, -1);
INSERT INTO T4_TAHAPAN_PENGADAAN (TAHAPAN_PENGADAAN_ID, KODE, TAHAPAN_ID, ALUR_PENGADAAN_ID, SEQUENCE) VALUES (993, 'PA13T04', 6, 22, 3);
INSERT INTO T4_TAHAPAN_PENGADAAN (TAHAPAN_PENGADAAN_ID, KODE, TAHAPAN_ID, ALUR_PENGADAAN_ID, SEQUENCE) VALUES (994, 'PA13T05', 7, 22, 4);
INSERT INTO T4_TAHAPAN_PENGADAAN (TAHAPAN_PENGADAAN_ID, KODE, TAHAPAN_ID, ALUR_PENGADAAN_ID, SEQUENCE) VALUES (995, 'PA13T06', 9, 22, 5);
INSERT INTO T4_TAHAPAN_PENGADAAN (TAHAPAN_PENGADAAN_ID, KODE, TAHAPAN_ID, ALUR_PENGADAAN_ID, SEQUENCE) VALUES (996, 'PA13T07', 10, 22, 6);
INSERT INTO T4_TAHAPAN_PENGADAAN (TAHAPAN_PENGADAAN_ID, KODE, TAHAPAN_ID, ALUR_PENGADAAN_ID, SEQUENCE) VALUES (997, 'PA13T08', 11, 22, 7);
INSERT INTO T4_TAHAPAN_PENGADAAN (TAHAPAN_PENGADAAN_ID, KODE, TAHAPAN_ID, ALUR_PENGADAAN_ID, SEQUENCE) VALUES (998, 'PA13T09', 12, 22, 8);
INSERT INTO T4_TAHAPAN_PENGADAAN (TAHAPAN_PENGADAAN_ID, KODE, TAHAPAN_ID, ALUR_PENGADAAN_ID, SEQUENCE) VALUES (999, 'PA13T10', 13, 22, 9);
INSERT INTO T4_TAHAPAN_PENGADAAN (TAHAPAN_PENGADAAN_ID, KODE, TAHAPAN_ID, ALUR_PENGADAAN_ID, SEQUENCE) VALUES (1000, 'PA13T11', 15, 22, 10);
INSERT INTO T4_TAHAPAN_PENGADAAN (TAHAPAN_PENGADAAN_ID, KODE, TAHAPAN_ID, ALUR_PENGADAAN_ID, SEQUENCE) VALUES (1001, 'PA13T12', 16, 22, 11);
INSERT INTO T4_TAHAPAN_PENGADAAN (TAHAPAN_PENGADAAN_ID, KODE, TAHAPAN_ID, ALUR_PENGADAAN_ID, SEQUENCE) VALUES (1002, 'PA13T13', 17, 22, 12);
INSERT INTO T4_TAHAPAN_PENGADAAN (TAHAPAN_PENGADAAN_ID, KODE, TAHAPAN_ID, ALUR_PENGADAAN_ID, SEQUENCE) VALUES (1003, 'PA13T14', 21, 22, 13);
INSERT INTO SEQUENCE VALUES ('T4_TAHAPAN_PENGADAAN', 10000);

#T5_REGISTRASI_JADWAL_THP_PENGADAAN
DELETE FROM T5_REGISTRASI_JADWAL_THP_PENGADAAN;
#Astra - Jadwal Sekenario 1
INSERT INTO T5_REGISTRASI_JADWAL_THP_PENGADAAN (REGISTRASIJADWAL_ID, TAHAPAN_PENGADAAN_ID, IS_JADWAL, IS_NO_UNDANGAN, IS_TGL_AWAL, IS_WAKTU_AWAL, IS_TGL_AKHIR, IS_WAKTU_AKHIR, IS_LOKASI, IS_PRAKUALIFIKASI) VALUES(301, 301, 1, 0, 1, 1, 1, 1, 0,0);
INSERT INTO T5_REGISTRASI_JADWAL_THP_PENGADAAN (REGISTRASIJADWAL_ID, TAHAPAN_PENGADAAN_ID, IS_JADWAL, IS_NO_UNDANGAN, IS_TGL_AWAL, IS_WAKTU_AWAL, IS_TGL_AKHIR, IS_WAKTU_AKHIR, IS_LOKASI, IS_PRAKUALIFIKASI) VALUES(303, 303, 1, 0, 1, 1, 1, 1, 0,0);
INSERT INTO T5_REGISTRASI_JADWAL_THP_PENGADAAN (REGISTRASIJADWAL_ID, TAHAPAN_PENGADAAN_ID, IS_JADWAL, IS_NO_UNDANGAN, IS_TGL_AWAL, IS_WAKTU_AWAL, IS_TGL_AKHIR, IS_WAKTU_AKHIR, IS_LOKASI, IS_PRAKUALIFIKASI) VALUES(304, 304, 1, 0, 1, 1, 1, 1, 0,0);
INSERT INTO T5_REGISTRASI_JADWAL_THP_PENGADAAN (REGISTRASIJADWAL_ID, TAHAPAN_PENGADAAN_ID, IS_JADWAL, IS_NO_UNDANGAN, IS_TGL_AWAL, IS_WAKTU_AWAL, IS_TGL_AKHIR, IS_WAKTU_AKHIR, IS_LOKASI, IS_PRAKUALIFIKASI) VALUES(305, 305, 1, 0, 1, 1, 1, 1, 0,0);
INSERT INTO T5_REGISTRASI_JADWAL_THP_PENGADAAN (REGISTRASIJADWAL_ID, TAHAPAN_PENGADAAN_ID, IS_JADWAL, IS_NO_UNDANGAN, IS_TGL_AWAL, IS_WAKTU_AWAL, IS_TGL_AKHIR, IS_WAKTU_AKHIR, IS_LOKASI, IS_PRAKUALIFIKASI) VALUES(306, 306, 1, 0, 1, 1, 1, 1, 0,0);
INSERT INTO T5_REGISTRASI_JADWAL_THP_PENGADAAN (REGISTRASIJADWAL_ID, TAHAPAN_PENGADAAN_ID, IS_JADWAL, IS_NO_UNDANGAN, IS_TGL_AWAL, IS_WAKTU_AWAL, IS_TGL_AKHIR, IS_WAKTU_AKHIR, IS_LOKASI, IS_PRAKUALIFIKASI) VALUES(307, 307, 1, 0, 1, 1, 1, 1, 0,0);
INSERT INTO T5_REGISTRASI_JADWAL_THP_PENGADAAN (REGISTRASIJADWAL_ID, TAHAPAN_PENGADAAN_ID, IS_JADWAL, IS_NO_UNDANGAN, IS_TGL_AWAL, IS_WAKTU_AWAL, IS_TGL_AKHIR, IS_WAKTU_AKHIR, IS_LOKASI, IS_PRAKUALIFIKASI) VALUES(308, 308, 1, 0, 1, 1, 1, 1, 0,0);
INSERT INTO T5_REGISTRASI_JADWAL_THP_PENGADAAN (REGISTRASIJADWAL_ID, TAHAPAN_PENGADAAN_ID, IS_JADWAL, IS_NO_UNDANGAN, IS_TGL_AWAL, IS_WAKTU_AWAL, IS_TGL_AKHIR, IS_WAKTU_AKHIR, IS_LOKASI, IS_PRAKUALIFIKASI) VALUES(309, 309, 1, 0, 1, 1, 1, 1, 0,0);
INSERT INTO T5_REGISTRASI_JADWAL_THP_PENGADAAN (REGISTRASIJADWAL_ID, TAHAPAN_PENGADAAN_ID, IS_JADWAL, IS_NO_UNDANGAN, IS_TGL_AWAL, IS_WAKTU_AWAL, IS_TGL_AKHIR, IS_WAKTU_AKHIR, IS_LOKASI, IS_PRAKUALIFIKASI) VALUES(310, 310, 1, 0, 1, 1, 1, 1, 0,0);
INSERT INTO T5_REGISTRASI_JADWAL_THP_PENGADAAN (REGISTRASIJADWAL_ID, TAHAPAN_PENGADAAN_ID, IS_JADWAL, IS_NO_UNDANGAN, IS_TGL_AWAL, IS_WAKTU_AWAL, IS_TGL_AKHIR, IS_WAKTU_AKHIR, IS_LOKASI, IS_PRAKUALIFIKASI) VALUES(311, 311, 1, 0, 1, 1, 1, 1, 0,0);
INSERT INTO T5_REGISTRASI_JADWAL_THP_PENGADAAN (REGISTRASIJADWAL_ID, TAHAPAN_PENGADAAN_ID, IS_JADWAL, IS_NO_UNDANGAN, IS_TGL_AWAL, IS_WAKTU_AWAL, IS_TGL_AKHIR, IS_WAKTU_AKHIR, IS_LOKASI, IS_PRAKUALIFIKASI) VALUES(312, 312, 1, 0, 1, 1, 1, 1, 0,0);
#Astra - Jadwal Sekenario 2
INSERT INTO T5_REGISTRASI_JADWAL_THP_PENGADAAN (REGISTRASIJADWAL_ID, TAHAPAN_PENGADAAN_ID, IS_JADWAL, IS_NO_UNDANGAN, IS_TGL_AWAL, IS_WAKTU_AWAL, IS_TGL_AKHIR, IS_WAKTU_AKHIR, IS_LOKASI, IS_PRAKUALIFIKASI) VALUES(401, 401, 1, 0, 1, 1, 1, 1, 0,0);
INSERT INTO T5_REGISTRASI_JADWAL_THP_PENGADAAN (REGISTRASIJADWAL_ID, TAHAPAN_PENGADAAN_ID, IS_JADWAL, IS_NO_UNDANGAN, IS_TGL_AWAL, IS_WAKTU_AWAL, IS_TGL_AKHIR, IS_WAKTU_AKHIR, IS_LOKASI, IS_PRAKUALIFIKASI) VALUES(403, 403, 1, 0, 1, 1, 1, 1, 0,0);
INSERT INTO T5_REGISTRASI_JADWAL_THP_PENGADAAN (REGISTRASIJADWAL_ID, TAHAPAN_PENGADAAN_ID, IS_JADWAL, IS_NO_UNDANGAN, IS_TGL_AWAL, IS_WAKTU_AWAL, IS_TGL_AKHIR, IS_WAKTU_AKHIR, IS_LOKASI, IS_PRAKUALIFIKASI) VALUES(404, 404, 1, 0, 1, 1, 1, 1, 0,0);
INSERT INTO T5_REGISTRASI_JADWAL_THP_PENGADAAN (REGISTRASIJADWAL_ID, TAHAPAN_PENGADAAN_ID, IS_JADWAL, IS_NO_UNDANGAN, IS_TGL_AWAL, IS_WAKTU_AWAL, IS_TGL_AKHIR, IS_WAKTU_AKHIR, IS_LOKASI, IS_PRAKUALIFIKASI) VALUES(405, 405, 1, 0, 1, 1, 1, 1, 0,0);
INSERT INTO T5_REGISTRASI_JADWAL_THP_PENGADAAN (REGISTRASIJADWAL_ID, TAHAPAN_PENGADAAN_ID, IS_JADWAL, IS_NO_UNDANGAN, IS_TGL_AWAL, IS_WAKTU_AWAL, IS_TGL_AKHIR, IS_WAKTU_AKHIR, IS_LOKASI, IS_PRAKUALIFIKASI) VALUES(406, 406, 1, 0, 1, 1, 1, 1, 0,0);
INSERT INTO T5_REGISTRASI_JADWAL_THP_PENGADAAN (REGISTRASIJADWAL_ID, TAHAPAN_PENGADAAN_ID, IS_JADWAL, IS_NO_UNDANGAN, IS_TGL_AWAL, IS_WAKTU_AWAL, IS_TGL_AKHIR, IS_WAKTU_AKHIR, IS_LOKASI, IS_PRAKUALIFIKASI) VALUES(407, 407, 1, 0, 1, 1, 1, 1, 0,0);
INSERT INTO T5_REGISTRASI_JADWAL_THP_PENGADAAN (REGISTRASIJADWAL_ID, TAHAPAN_PENGADAAN_ID, IS_JADWAL, IS_NO_UNDANGAN, IS_TGL_AWAL, IS_WAKTU_AWAL, IS_TGL_AKHIR, IS_WAKTU_AKHIR, IS_LOKASI, IS_PRAKUALIFIKASI) VALUES(408, 408, 1, 0, 1, 1, 1, 1, 0,0);
INSERT INTO T5_REGISTRASI_JADWAL_THP_PENGADAAN (REGISTRASIJADWAL_ID, TAHAPAN_PENGADAAN_ID, IS_JADWAL, IS_NO_UNDANGAN, IS_TGL_AWAL, IS_WAKTU_AWAL, IS_TGL_AKHIR, IS_WAKTU_AKHIR, IS_LOKASI, IS_PRAKUALIFIKASI) VALUES(409, 409, 1, 0, 1, 1, 1, 1, 0,0);
INSERT INTO T5_REGISTRASI_JADWAL_THP_PENGADAAN (REGISTRASIJADWAL_ID, TAHAPAN_PENGADAAN_ID, IS_JADWAL, IS_NO_UNDANGAN, IS_TGL_AWAL, IS_WAKTU_AWAL, IS_TGL_AKHIR, IS_WAKTU_AKHIR, IS_LOKASI, IS_PRAKUALIFIKASI) VALUES(410, 410, 1, 0, 1, 1, 1, 1, 0,0);
INSERT INTO T5_REGISTRASI_JADWAL_THP_PENGADAAN (REGISTRASIJADWAL_ID, TAHAPAN_PENGADAAN_ID, IS_JADWAL, IS_NO_UNDANGAN, IS_TGL_AWAL, IS_WAKTU_AWAL, IS_TGL_AKHIR, IS_WAKTU_AKHIR, IS_LOKASI, IS_PRAKUALIFIKASI) VALUES(411, 411, 1, 0, 1, 1, 1, 1, 0,0);
INSERT INTO T5_REGISTRASI_JADWAL_THP_PENGADAAN (REGISTRASIJADWAL_ID, TAHAPAN_PENGADAAN_ID, IS_JADWAL, IS_NO_UNDANGAN, IS_TGL_AWAL, IS_WAKTU_AWAL, IS_TGL_AKHIR, IS_WAKTU_AKHIR, IS_LOKASI, IS_PRAKUALIFIKASI) VALUES(412, 412, 1, 0, 1, 1, 1, 1, 0,0);
#Astra - Jadwal Sekenario 3
INSERT INTO T5_REGISTRASI_JADWAL_THP_PENGADAAN (REGISTRASIJADWAL_ID, TAHAPAN_PENGADAAN_ID, IS_JADWAL, IS_NO_UNDANGAN, IS_TGL_AWAL, IS_WAKTU_AWAL, IS_TGL_AKHIR, IS_WAKTU_AKHIR, IS_LOKASI, IS_PRAKUALIFIKASI) VALUES(501, 501, 1, 0, 1, 1, 1, 1, 0,0);
INSERT INTO T5_REGISTRASI_JADWAL_THP_PENGADAAN (REGISTRASIJADWAL_ID, TAHAPAN_PENGADAAN_ID, IS_JADWAL, IS_NO_UNDANGAN, IS_TGL_AWAL, IS_WAKTU_AWAL, IS_TGL_AKHIR, IS_WAKTU_AKHIR, IS_LOKASI, IS_PRAKUALIFIKASI) VALUES(502, 502, 1, 0, 1, 1, 1, 1, 0,0);
INSERT INTO T5_REGISTRASI_JADWAL_THP_PENGADAAN (REGISTRASIJADWAL_ID, TAHAPAN_PENGADAAN_ID, IS_JADWAL, IS_NO_UNDANGAN, IS_TGL_AWAL, IS_WAKTU_AWAL, IS_TGL_AKHIR, IS_WAKTU_AKHIR, IS_LOKASI, IS_PRAKUALIFIKASI) VALUES(503, 503, 1, 0, 1, 1, 1, 1, 0,0);
INSERT INTO T5_REGISTRASI_JADWAL_THP_PENGADAAN (REGISTRASIJADWAL_ID, TAHAPAN_PENGADAAN_ID, IS_JADWAL, IS_NO_UNDANGAN, IS_TGL_AWAL, IS_WAKTU_AWAL, IS_TGL_AKHIR, IS_WAKTU_AKHIR, IS_LOKASI, IS_PRAKUALIFIKASI) VALUES(504, 504, 1, 0, 1, 1, 1, 1, 0,0);
#Astra - Jadwal Sekenario 4
INSERT INTO T5_REGISTRASI_JADWAL_THP_PENGADAAN (REGISTRASIJADWAL_ID, TAHAPAN_PENGADAAN_ID, IS_JADWAL, IS_NO_UNDANGAN, IS_TGL_AWAL, IS_WAKTU_AWAL, IS_TGL_AKHIR, IS_WAKTU_AKHIR, IS_LOKASI, IS_PRAKUALIFIKASI) VALUES(601, 601, 1, 0, 1, 1, 1, 1, 0,0);
INSERT INTO T5_REGISTRASI_JADWAL_THP_PENGADAAN (REGISTRASIJADWAL_ID, TAHAPAN_PENGADAAN_ID, IS_JADWAL, IS_NO_UNDANGAN, IS_TGL_AWAL, IS_WAKTU_AWAL, IS_TGL_AKHIR, IS_WAKTU_AKHIR, IS_LOKASI, IS_PRAKUALIFIKASI) VALUES(602, 602, 1, 0, 1, 1, 1, 1, 0,0);
INSERT INTO T5_REGISTRASI_JADWAL_THP_PENGADAAN (REGISTRASIJADWAL_ID, TAHAPAN_PENGADAAN_ID, IS_JADWAL, IS_NO_UNDANGAN, IS_TGL_AWAL, IS_WAKTU_AWAL, IS_TGL_AKHIR, IS_WAKTU_AKHIR, IS_LOKASI, IS_PRAKUALIFIKASI) VALUES(603, 603, 1, 0, 1, 1, 1, 1, 0,0);
INSERT INTO T5_REGISTRASI_JADWAL_THP_PENGADAAN (REGISTRASIJADWAL_ID, TAHAPAN_PENGADAAN_ID, IS_JADWAL, IS_NO_UNDANGAN, IS_TGL_AWAL, IS_WAKTU_AWAL, IS_TGL_AKHIR, IS_WAKTU_AKHIR, IS_LOKASI, IS_PRAKUALIFIKASI) VALUES(604, 604, 1, 0, 1, 1, 1, 1, 0,0);
#Astra - Jadwal Sekenario 5
INSERT INTO T5_REGISTRASI_JADWAL_THP_PENGADAAN (REGISTRASIJADWAL_ID, TAHAPAN_PENGADAAN_ID, IS_JADWAL, IS_NO_UNDANGAN, IS_TGL_AWAL, IS_WAKTU_AWAL, IS_TGL_AKHIR, IS_WAKTU_AKHIR, IS_LOKASI, IS_PRAKUALIFIKASI) VALUES(701, 701, 1, 0, 1, 1, 1, 1, 0,0);
INSERT INTO T5_REGISTRASI_JADWAL_THP_PENGADAAN (REGISTRASIJADWAL_ID, TAHAPAN_PENGADAAN_ID, IS_JADWAL, IS_NO_UNDANGAN, IS_TGL_AWAL, IS_WAKTU_AWAL, IS_TGL_AKHIR, IS_WAKTU_AKHIR, IS_LOKASI, IS_PRAKUALIFIKASI) VALUES(702, 702, 1, 0, 1, 1, 1, 1, 0,0);
INSERT INTO T5_REGISTRASI_JADWAL_THP_PENGADAAN (REGISTRASIJADWAL_ID, TAHAPAN_PENGADAAN_ID, IS_JADWAL, IS_NO_UNDANGAN, IS_TGL_AWAL, IS_WAKTU_AWAL, IS_TGL_AKHIR, IS_WAKTU_AKHIR, IS_LOKASI, IS_PRAKUALIFIKASI) VALUES(703, 704, 1, 0, 1, 1, 1, 1, 0,0);
INSERT INTO T5_REGISTRASI_JADWAL_THP_PENGADAAN (REGISTRASIJADWAL_ID, TAHAPAN_PENGADAAN_ID, IS_JADWAL, IS_NO_UNDANGAN, IS_TGL_AWAL, IS_WAKTU_AWAL, IS_TGL_AKHIR, IS_WAKTU_AKHIR, IS_LOKASI, IS_PRAKUALIFIKASI) VALUES(704, 705, 1, 0, 1, 1, 1, 1, 0,0);
INSERT INTO T5_REGISTRASI_JADWAL_THP_PENGADAAN (REGISTRASIJADWAL_ID, TAHAPAN_PENGADAAN_ID, IS_JADWAL, IS_NO_UNDANGAN, IS_TGL_AWAL, IS_WAKTU_AWAL, IS_TGL_AKHIR, IS_WAKTU_AKHIR, IS_LOKASI, IS_PRAKUALIFIKASI) VALUES(705, 706, 1, 0, 1, 1, 1, 1, 0,0);
INSERT INTO T5_REGISTRASI_JADWAL_THP_PENGADAAN (REGISTRASIJADWAL_ID, TAHAPAN_PENGADAAN_ID, IS_JADWAL, IS_NO_UNDANGAN, IS_TGL_AWAL, IS_WAKTU_AWAL, IS_TGL_AKHIR, IS_WAKTU_AKHIR, IS_LOKASI, IS_PRAKUALIFIKASI) VALUES(706, 707, 1, 0, 1, 1, 1, 1, 0,0);
INSERT INTO T5_REGISTRASI_JADWAL_THP_PENGADAAN (REGISTRASIJADWAL_ID, TAHAPAN_PENGADAAN_ID, IS_JADWAL, IS_NO_UNDANGAN, IS_TGL_AWAL, IS_WAKTU_AWAL, IS_TGL_AKHIR, IS_WAKTU_AKHIR, IS_LOKASI, IS_PRAKUALIFIKASI) VALUES(707, 708, 1, 0, 1, 1, 1, 1, 0,0);
INSERT INTO T5_REGISTRASI_JADWAL_THP_PENGADAAN (REGISTRASIJADWAL_ID, TAHAPAN_PENGADAAN_ID, IS_JADWAL, IS_NO_UNDANGAN, IS_TGL_AWAL, IS_WAKTU_AWAL, IS_TGL_AKHIR, IS_WAKTU_AKHIR, IS_LOKASI, IS_PRAKUALIFIKASI) VALUES(708, 709, 1, 0, 1, 1, 1, 1, 0,0);
INSERT INTO T5_REGISTRASI_JADWAL_THP_PENGADAAN (REGISTRASIJADWAL_ID, TAHAPAN_PENGADAAN_ID, IS_JADWAL, IS_NO_UNDANGAN, IS_TGL_AWAL, IS_WAKTU_AWAL, IS_TGL_AKHIR, IS_WAKTU_AKHIR, IS_LOKASI, IS_PRAKUALIFIKASI) VALUES(709, 710, 1, 0, 1, 1, 1, 1, 0,0);
INSERT INTO T5_REGISTRASI_JADWAL_THP_PENGADAAN (REGISTRASIJADWAL_ID, TAHAPAN_PENGADAAN_ID, IS_JADWAL, IS_NO_UNDANGAN, IS_TGL_AWAL, IS_WAKTU_AWAL, IS_TGL_AKHIR, IS_WAKTU_AKHIR, IS_LOKASI, IS_PRAKUALIFIKASI) VALUES(710, 711, 1, 0, 1, 1, 1, 1, 0,0);
INSERT INTO T5_REGISTRASI_JADWAL_THP_PENGADAAN (REGISTRASIJADWAL_ID, TAHAPAN_PENGADAAN_ID, IS_JADWAL, IS_NO_UNDANGAN, IS_TGL_AWAL, IS_WAKTU_AWAL, IS_TGL_AKHIR, IS_WAKTU_AKHIR, IS_LOKASI, IS_PRAKUALIFIKASI) VALUES(711, 712, 1, 0, 1, 1, 1, 1, 0,0);
#Astra - Jadwal Sekenario 6
INSERT INTO T5_REGISTRASI_JADWAL_THP_PENGADAAN (REGISTRASIJADWAL_ID, TAHAPAN_PENGADAAN_ID, IS_JADWAL, IS_NO_UNDANGAN, IS_TGL_AWAL, IS_WAKTU_AWAL, IS_TGL_AKHIR, IS_WAKTU_AKHIR, IS_LOKASI, IS_PRAKUALIFIKASI) VALUES(801, 801, 1, 0, 1, 1, 1, 1, 0,0);
INSERT INTO T5_REGISTRASI_JADWAL_THP_PENGADAAN (REGISTRASIJADWAL_ID, TAHAPAN_PENGADAAN_ID, IS_JADWAL, IS_NO_UNDANGAN, IS_TGL_AWAL, IS_WAKTU_AWAL, IS_TGL_AKHIR, IS_WAKTU_AKHIR, IS_LOKASI, IS_PRAKUALIFIKASI) VALUES(802, 802, 1, 0, 1, 1, 1, 1, 0,0);
INSERT INTO T5_REGISTRASI_JADWAL_THP_PENGADAAN (REGISTRASIJADWAL_ID, TAHAPAN_PENGADAAN_ID, IS_JADWAL, IS_NO_UNDANGAN, IS_TGL_AWAL, IS_WAKTU_AWAL, IS_TGL_AKHIR, IS_WAKTU_AKHIR, IS_LOKASI, IS_PRAKUALIFIKASI) VALUES(803, 804, 1, 0, 1, 1, 1, 1, 0,0);
INSERT INTO T5_REGISTRASI_JADWAL_THP_PENGADAAN (REGISTRASIJADWAL_ID, TAHAPAN_PENGADAAN_ID, IS_JADWAL, IS_NO_UNDANGAN, IS_TGL_AWAL, IS_WAKTU_AWAL, IS_TGL_AKHIR, IS_WAKTU_AKHIR, IS_LOKASI, IS_PRAKUALIFIKASI) VALUES(804, 805, 1, 0, 1, 1, 1, 1, 0,0);
INSERT INTO T5_REGISTRASI_JADWAL_THP_PENGADAAN (REGISTRASIJADWAL_ID, TAHAPAN_PENGADAAN_ID, IS_JADWAL, IS_NO_UNDANGAN, IS_TGL_AWAL, IS_WAKTU_AWAL, IS_TGL_AKHIR, IS_WAKTU_AKHIR, IS_LOKASI, IS_PRAKUALIFIKASI) VALUES(805, 806, 1, 0, 1, 1, 1, 1, 0,0);
INSERT INTO T5_REGISTRASI_JADWAL_THP_PENGADAAN (REGISTRASIJADWAL_ID, TAHAPAN_PENGADAAN_ID, IS_JADWAL, IS_NO_UNDANGAN, IS_TGL_AWAL, IS_WAKTU_AWAL, IS_TGL_AKHIR, IS_WAKTU_AKHIR, IS_LOKASI, IS_PRAKUALIFIKASI) VALUES(806, 807, 1, 0, 1, 1, 1, 1, 0,0);
INSERT INTO T5_REGISTRASI_JADWAL_THP_PENGADAAN (REGISTRASIJADWAL_ID, TAHAPAN_PENGADAAN_ID, IS_JADWAL, IS_NO_UNDANGAN, IS_TGL_AWAL, IS_WAKTU_AWAL, IS_TGL_AKHIR, IS_WAKTU_AKHIR, IS_LOKASI, IS_PRAKUALIFIKASI) VALUES(807, 808, 1, 0, 1, 1, 1, 1, 0,0);
INSERT INTO T5_REGISTRASI_JADWAL_THP_PENGADAAN (REGISTRASIJADWAL_ID, TAHAPAN_PENGADAAN_ID, IS_JADWAL, IS_NO_UNDANGAN, IS_TGL_AWAL, IS_WAKTU_AWAL, IS_TGL_AKHIR, IS_WAKTU_AKHIR, IS_LOKASI, IS_PRAKUALIFIKASI) VALUES(808, 809, 1, 0, 1, 1, 1, 1, 0,0);
INSERT INTO T5_REGISTRASI_JADWAL_THP_PENGADAAN (REGISTRASIJADWAL_ID, TAHAPAN_PENGADAAN_ID, IS_JADWAL, IS_NO_UNDANGAN, IS_TGL_AWAL, IS_WAKTU_AWAL, IS_TGL_AKHIR, IS_WAKTU_AKHIR, IS_LOKASI, IS_PRAKUALIFIKASI) VALUES(809, 810, 1, 0, 1, 1, 1, 1, 0,0);
INSERT INTO T5_REGISTRASI_JADWAL_THP_PENGADAAN (REGISTRASIJADWAL_ID, TAHAPAN_PENGADAAN_ID, IS_JADWAL, IS_NO_UNDANGAN, IS_TGL_AWAL, IS_WAKTU_AWAL, IS_TGL_AKHIR, IS_WAKTU_AKHIR, IS_LOKASI, IS_PRAKUALIFIKASI) VALUES(810, 811, 1, 0, 1, 1, 1, 1, 0,0);
INSERT INTO T5_REGISTRASI_JADWAL_THP_PENGADAAN (REGISTRASIJADWAL_ID, TAHAPAN_PENGADAAN_ID, IS_JADWAL, IS_NO_UNDANGAN, IS_TGL_AWAL, IS_WAKTU_AWAL, IS_TGL_AKHIR, IS_WAKTU_AKHIR, IS_LOKASI, IS_PRAKUALIFIKASI) VALUES(811, 812, 1, 0, 1, 1, 1, 1, 0,0);
INSERT INTO T5_REGISTRASI_JADWAL_THP_PENGADAAN (REGISTRASIJADWAL_ID, TAHAPAN_PENGADAAN_ID, IS_JADWAL, IS_NO_UNDANGAN, IS_TGL_AWAL, IS_WAKTU_AWAL, IS_TGL_AKHIR, IS_WAKTU_AKHIR, IS_LOKASI, IS_PRAKUALIFIKASI) VALUES(812, 813, 1, 0, 1, 1, 1, 1, 0,0);
#Astra - Jadwal Sekenario 7
INSERT INTO T5_REGISTRASI_JADWAL_THP_PENGADAAN (REGISTRASIJADWAL_ID, TAHAPAN_PENGADAAN_ID, IS_JADWAL, IS_NO_UNDANGAN, IS_TGL_AWAL, IS_WAKTU_AWAL, IS_TGL_AKHIR, IS_WAKTU_AKHIR, IS_LOKASI, IS_PRAKUALIFIKASI) VALUES(901, 901, 1, 0, 1, 1, 1, 1, 0,0);
INSERT INTO T5_REGISTRASI_JADWAL_THP_PENGADAAN (REGISTRASIJADWAL_ID, TAHAPAN_PENGADAAN_ID, IS_JADWAL, IS_NO_UNDANGAN, IS_TGL_AWAL, IS_WAKTU_AWAL, IS_TGL_AKHIR, IS_WAKTU_AKHIR, IS_LOKASI, IS_PRAKUALIFIKASI) VALUES(902, 902, 1, 0, 1, 1, 1, 1, 1,0);
INSERT INTO T5_REGISTRASI_JADWAL_THP_PENGADAAN (REGISTRASIJADWAL_ID, TAHAPAN_PENGADAAN_ID, IS_JADWAL, IS_NO_UNDANGAN, IS_TGL_AWAL, IS_WAKTU_AWAL, IS_TGL_AKHIR, IS_WAKTU_AKHIR, IS_LOKASI, IS_PRAKUALIFIKASI) VALUES(903, 903, 1, 0, 1, 1, 1, 1, 0,0);
INSERT INTO T5_REGISTRASI_JADWAL_THP_PENGADAAN (REGISTRASIJADWAL_ID, TAHAPAN_PENGADAAN_ID, IS_JADWAL, IS_NO_UNDANGAN, IS_TGL_AWAL, IS_WAKTU_AWAL, IS_TGL_AKHIR, IS_WAKTU_AKHIR, IS_LOKASI, IS_PRAKUALIFIKASI) VALUES(904, 904, 1, 0, 1, 1, 1, 1, 0,0);
INSERT INTO T5_REGISTRASI_JADWAL_THP_PENGADAAN (REGISTRASIJADWAL_ID, TAHAPAN_PENGADAAN_ID, IS_JADWAL, IS_NO_UNDANGAN, IS_TGL_AWAL, IS_WAKTU_AWAL, IS_TGL_AKHIR, IS_WAKTU_AKHIR, IS_LOKASI, IS_PRAKUALIFIKASI) VALUES(905, 905, 1, 0, 1, 1, 1, 1, 0,0);
#Astra - Jadwal Sekenario 8
INSERT INTO T5_REGISTRASI_JADWAL_THP_PENGADAAN (REGISTRASIJADWAL_ID, TAHAPAN_PENGADAAN_ID, IS_JADWAL, IS_NO_UNDANGAN, IS_TGL_AWAL, IS_WAKTU_AWAL, IS_TGL_AKHIR, IS_WAKTU_AKHIR, IS_LOKASI, IS_PRAKUALIFIKASI) VALUES(911, 911, 1, 0, 1, 1, 1, 1, 0,0);
INSERT INTO T5_REGISTRASI_JADWAL_THP_PENGADAAN (REGISTRASIJADWAL_ID, TAHAPAN_PENGADAAN_ID, IS_JADWAL, IS_NO_UNDANGAN, IS_TGL_AWAL, IS_WAKTU_AWAL, IS_TGL_AKHIR, IS_WAKTU_AKHIR, IS_LOKASI, IS_PRAKUALIFIKASI) VALUES(912, 912, 1, 0, 1, 1, 1, 1, 1,0);
INSERT INTO T5_REGISTRASI_JADWAL_THP_PENGADAAN (REGISTRASIJADWAL_ID, TAHAPAN_PENGADAAN_ID, IS_JADWAL, IS_NO_UNDANGAN, IS_TGL_AWAL, IS_WAKTU_AWAL, IS_TGL_AKHIR, IS_WAKTU_AKHIR, IS_LOKASI, IS_PRAKUALIFIKASI) VALUES(913, 913, 1, 0, 1, 1, 1, 1, 0,0);
INSERT INTO T5_REGISTRASI_JADWAL_THP_PENGADAAN (REGISTRASIJADWAL_ID, TAHAPAN_PENGADAAN_ID, IS_JADWAL, IS_NO_UNDANGAN, IS_TGL_AWAL, IS_WAKTU_AWAL, IS_TGL_AKHIR, IS_WAKTU_AKHIR, IS_LOKASI, IS_PRAKUALIFIKASI) VALUES(914, 914, 1, 0, 1, 1, 1, 1, 0,0);
INSERT INTO T5_REGISTRASI_JADWAL_THP_PENGADAAN (REGISTRASIJADWAL_ID, TAHAPAN_PENGADAAN_ID, IS_JADWAL, IS_NO_UNDANGAN, IS_TGL_AWAL, IS_WAKTU_AWAL, IS_TGL_AKHIR, IS_WAKTU_AKHIR, IS_LOKASI, IS_PRAKUALIFIKASI) VALUES(915, 915, 1, 0, 1, 1, 1, 1, 0,0);
#Astra - Jadwal Sekenario 9
INSERT INTO T5_REGISTRASI_JADWAL_THP_PENGADAAN (REGISTRASIJADWAL_ID, TAHAPAN_PENGADAAN_ID, IS_JADWAL, IS_NO_UNDANGAN, IS_TGL_AWAL, IS_WAKTU_AWAL, IS_TGL_AKHIR, IS_WAKTU_AKHIR, IS_LOKASI, IS_PRAKUALIFIKASI) VALUES(921, 921, 1, 0, 1, 1, 1, 1, 0,0);
INSERT INTO T5_REGISTRASI_JADWAL_THP_PENGADAAN (REGISTRASIJADWAL_ID, TAHAPAN_PENGADAAN_ID, IS_JADWAL, IS_NO_UNDANGAN, IS_TGL_AWAL, IS_WAKTU_AWAL, IS_TGL_AKHIR, IS_WAKTU_AKHIR, IS_LOKASI, IS_PRAKUALIFIKASI) VALUES(922, 922, 1, 0, 1, 1, 1, 1, 1,0);
INSERT INTO T5_REGISTRASI_JADWAL_THP_PENGADAAN (REGISTRASIJADWAL_ID, TAHAPAN_PENGADAAN_ID, IS_JADWAL, IS_NO_UNDANGAN, IS_TGL_AWAL, IS_WAKTU_AWAL, IS_TGL_AKHIR, IS_WAKTU_AKHIR, IS_LOKASI, IS_PRAKUALIFIKASI) VALUES(923, 923, 1, 0, 1, 1, 1, 1, 0,0);
INSERT INTO T5_REGISTRASI_JADWAL_THP_PENGADAAN (REGISTRASIJADWAL_ID, TAHAPAN_PENGADAAN_ID, IS_JADWAL, IS_NO_UNDANGAN, IS_TGL_AWAL, IS_WAKTU_AWAL, IS_TGL_AKHIR, IS_WAKTU_AKHIR, IS_LOKASI, IS_PRAKUALIFIKASI) VALUES(924, 924, 1, 0, 1, 1, 1, 1, 0,0);
INSERT INTO T5_REGISTRASI_JADWAL_THP_PENGADAAN (REGISTRASIJADWAL_ID, TAHAPAN_PENGADAAN_ID, IS_JADWAL, IS_NO_UNDANGAN, IS_TGL_AWAL, IS_WAKTU_AWAL, IS_TGL_AKHIR, IS_WAKTU_AKHIR, IS_LOKASI, IS_PRAKUALIFIKASI) VALUES(925, 925, 1, 0, 1, 1, 1, 1, 0,0);
#Astra - Jadwal Sekenario 10
INSERT INTO T5_REGISTRASI_JADWAL_THP_PENGADAAN (REGISTRASIJADWAL_ID, TAHAPAN_PENGADAAN_ID, IS_JADWAL, IS_NO_UNDANGAN, IS_TGL_AWAL, IS_WAKTU_AWAL, IS_TGL_AKHIR, IS_WAKTU_AKHIR, IS_LOKASI, IS_PRAKUALIFIKASI) VALUES(930, 931, 1, 0, 1, 1, 1, 1, 0,0);
INSERT INTO T5_REGISTRASI_JADWAL_THP_PENGADAAN (REGISTRASIJADWAL_ID, TAHAPAN_PENGADAAN_ID, IS_JADWAL, IS_NO_UNDANGAN, IS_TGL_AWAL, IS_WAKTU_AWAL, IS_TGL_AKHIR, IS_WAKTU_AKHIR, IS_LOKASI, IS_PRAKUALIFIKASI) VALUES(931, 932, 1, 0, 1, 1, 1, 1, 0,0);
INSERT INTO T5_REGISTRASI_JADWAL_THP_PENGADAAN (REGISTRASIJADWAL_ID, TAHAPAN_PENGADAAN_ID, IS_JADWAL, IS_NO_UNDANGAN, IS_TGL_AWAL, IS_WAKTU_AWAL, IS_TGL_AKHIR, IS_WAKTU_AKHIR, IS_LOKASI, IS_PRAKUALIFIKASI) VALUES(932, 933, 1, 0, 1, 1, 1, 1, 1,0);
INSERT INTO T5_REGISTRASI_JADWAL_THP_PENGADAAN (REGISTRASIJADWAL_ID, TAHAPAN_PENGADAAN_ID, IS_JADWAL, IS_NO_UNDANGAN, IS_TGL_AWAL, IS_WAKTU_AWAL, IS_TGL_AKHIR, IS_WAKTU_AKHIR, IS_LOKASI, IS_PRAKUALIFIKASI) VALUES(933, 935, 1, 0, 1, 1, 1, 1, 0,0);
INSERT INTO T5_REGISTRASI_JADWAL_THP_PENGADAAN (REGISTRASIJADWAL_ID, TAHAPAN_PENGADAAN_ID, IS_JADWAL, IS_NO_UNDANGAN, IS_TGL_AWAL, IS_WAKTU_AWAL, IS_TGL_AKHIR, IS_WAKTU_AKHIR, IS_LOKASI, IS_PRAKUALIFIKASI) VALUES(934, 936, 1, 0, 1, 1, 1, 1, 0,0);
INSERT INTO T5_REGISTRASI_JADWAL_THP_PENGADAAN (REGISTRASIJADWAL_ID, TAHAPAN_PENGADAAN_ID, IS_JADWAL, IS_NO_UNDANGAN, IS_TGL_AWAL, IS_WAKTU_AWAL, IS_TGL_AKHIR, IS_WAKTU_AKHIR, IS_LOKASI, IS_PRAKUALIFIKASI) VALUES(935, 937, 1, 0, 1, 1, 1, 1, 0,0);
INSERT INTO T5_REGISTRASI_JADWAL_THP_PENGADAAN (REGISTRASIJADWAL_ID, TAHAPAN_PENGADAAN_ID, IS_JADWAL, IS_NO_UNDANGAN, IS_TGL_AWAL, IS_WAKTU_AWAL, IS_TGL_AKHIR, IS_WAKTU_AKHIR, IS_LOKASI, IS_PRAKUALIFIKASI) VALUES(936, 938, 1, 0, 1, 1, 1, 1, 0,0);
INSERT INTO T5_REGISTRASI_JADWAL_THP_PENGADAAN (REGISTRASIJADWAL_ID, TAHAPAN_PENGADAAN_ID, IS_JADWAL, IS_NO_UNDANGAN, IS_TGL_AWAL, IS_WAKTU_AWAL, IS_TGL_AKHIR, IS_WAKTU_AKHIR, IS_LOKASI, IS_PRAKUALIFIKASI) VALUES(937, 939, 1, 0, 1, 1, 1, 1, 0,0);
INSERT INTO T5_REGISTRASI_JADWAL_THP_PENGADAAN (REGISTRASIJADWAL_ID, TAHAPAN_PENGADAAN_ID, IS_JADWAL, IS_NO_UNDANGAN, IS_TGL_AWAL, IS_WAKTU_AWAL, IS_TGL_AKHIR, IS_WAKTU_AKHIR, IS_LOKASI, IS_PRAKUALIFIKASI) VALUES(938, 940, 1, 0, 1, 1, 1, 1, 0,0);
INSERT INTO T5_REGISTRASI_JADWAL_THP_PENGADAAN (REGISTRASIJADWAL_ID, TAHAPAN_PENGADAAN_ID, IS_JADWAL, IS_NO_UNDANGAN, IS_TGL_AWAL, IS_WAKTU_AWAL, IS_TGL_AKHIR, IS_WAKTU_AKHIR, IS_LOKASI, IS_PRAKUALIFIKASI) VALUES(939, 941, 1, 0, 1, 1, 1, 1, 0,0);
INSERT INTO T5_REGISTRASI_JADWAL_THP_PENGADAAN (REGISTRASIJADWAL_ID, TAHAPAN_PENGADAAN_ID, IS_JADWAL, IS_NO_UNDANGAN, IS_TGL_AWAL, IS_WAKTU_AWAL, IS_TGL_AKHIR, IS_WAKTU_AKHIR, IS_LOKASI, IS_PRAKUALIFIKASI) VALUES(940, 942, 1, 0, 1, 1, 1, 1, 0,0);
#Astra - Jadwal Sekenario 11
INSERT INTO T5_REGISTRASI_JADWAL_THP_PENGADAAN (REGISTRASIJADWAL_ID, TAHAPAN_PENGADAAN_ID, IS_JADWAL, IS_NO_UNDANGAN, IS_TGL_AWAL, IS_WAKTU_AWAL, IS_TGL_AKHIR, IS_WAKTU_AKHIR, IS_LOKASI, IS_PRAKUALIFIKASI) VALUES(950, 951, 1, 0, 1, 1, 1, 1, 0,0);
INSERT INTO T5_REGISTRASI_JADWAL_THP_PENGADAAN (REGISTRASIJADWAL_ID, TAHAPAN_PENGADAAN_ID, IS_JADWAL, IS_NO_UNDANGAN, IS_TGL_AWAL, IS_WAKTU_AWAL, IS_TGL_AKHIR, IS_WAKTU_AKHIR, IS_LOKASI, IS_PRAKUALIFIKASI) VALUES(951, 952, 1, 0, 1, 1, 1, 1, 0,0);
INSERT INTO T5_REGISTRASI_JADWAL_THP_PENGADAAN (REGISTRASIJADWAL_ID, TAHAPAN_PENGADAAN_ID, IS_JADWAL, IS_NO_UNDANGAN, IS_TGL_AWAL, IS_WAKTU_AWAL, IS_TGL_AKHIR, IS_WAKTU_AKHIR, IS_LOKASI, IS_PRAKUALIFIKASI) VALUES(952, 953, 1, 0, 1, 1, 1, 1, 1,0);
INSERT INTO T5_REGISTRASI_JADWAL_THP_PENGADAAN (REGISTRASIJADWAL_ID, TAHAPAN_PENGADAAN_ID, IS_JADWAL, IS_NO_UNDANGAN, IS_TGL_AWAL, IS_WAKTU_AWAL, IS_TGL_AKHIR, IS_WAKTU_AKHIR, IS_LOKASI, IS_PRAKUALIFIKASI) VALUES(953, 955, 1, 0, 1, 1, 1, 1, 0,0);
INSERT INTO T5_REGISTRASI_JADWAL_THP_PENGADAAN (REGISTRASIJADWAL_ID, TAHAPAN_PENGADAAN_ID, IS_JADWAL, IS_NO_UNDANGAN, IS_TGL_AWAL, IS_WAKTU_AWAL, IS_TGL_AKHIR, IS_WAKTU_AKHIR, IS_LOKASI, IS_PRAKUALIFIKASI) VALUES(954, 956, 1, 0, 1, 1, 1, 1, 0,0);
INSERT INTO T5_REGISTRASI_JADWAL_THP_PENGADAAN (REGISTRASIJADWAL_ID, TAHAPAN_PENGADAAN_ID, IS_JADWAL, IS_NO_UNDANGAN, IS_TGL_AWAL, IS_WAKTU_AWAL, IS_TGL_AKHIR, IS_WAKTU_AKHIR, IS_LOKASI, IS_PRAKUALIFIKASI) VALUES(955, 957, 1, 0, 1, 1, 1, 1, 0,0);
INSERT INTO T5_REGISTRASI_JADWAL_THP_PENGADAAN (REGISTRASIJADWAL_ID, TAHAPAN_PENGADAAN_ID, IS_JADWAL, IS_NO_UNDANGAN, IS_TGL_AWAL, IS_WAKTU_AWAL, IS_TGL_AKHIR, IS_WAKTU_AKHIR, IS_LOKASI, IS_PRAKUALIFIKASI) VALUES(956, 958, 1, 0, 1, 1, 1, 1, 0,0);
INSERT INTO T5_REGISTRASI_JADWAL_THP_PENGADAAN (REGISTRASIJADWAL_ID, TAHAPAN_PENGADAAN_ID, IS_JADWAL, IS_NO_UNDANGAN, IS_TGL_AWAL, IS_WAKTU_AWAL, IS_TGL_AKHIR, IS_WAKTU_AKHIR, IS_LOKASI, IS_PRAKUALIFIKASI) VALUES(957, 959, 1, 0, 1, 1, 1, 1, 0,0);
INSERT INTO T5_REGISTRASI_JADWAL_THP_PENGADAAN (REGISTRASIJADWAL_ID, TAHAPAN_PENGADAAN_ID, IS_JADWAL, IS_NO_UNDANGAN, IS_TGL_AWAL, IS_WAKTU_AWAL, IS_TGL_AKHIR, IS_WAKTU_AKHIR, IS_LOKASI, IS_PRAKUALIFIKASI) VALUES(958, 960, 1, 0, 1, 1, 1, 1, 0,0);
INSERT INTO T5_REGISTRASI_JADWAL_THP_PENGADAAN (REGISTRASIJADWAL_ID, TAHAPAN_PENGADAAN_ID, IS_JADWAL, IS_NO_UNDANGAN, IS_TGL_AWAL, IS_WAKTU_AWAL, IS_TGL_AKHIR, IS_WAKTU_AKHIR, IS_LOKASI, IS_PRAKUALIFIKASI) VALUES(959, 961, 1, 0, 1, 1, 1, 1, 0,0);
INSERT INTO T5_REGISTRASI_JADWAL_THP_PENGADAAN (REGISTRASIJADWAL_ID, TAHAPAN_PENGADAAN_ID, IS_JADWAL, IS_NO_UNDANGAN, IS_TGL_AWAL, IS_WAKTU_AWAL, IS_TGL_AKHIR, IS_WAKTU_AKHIR, IS_LOKASI, IS_PRAKUALIFIKASI) VALUES(960, 962, 1, 0, 1, 1, 1, 1, 0,0);
#Astra - Jadwal Sekenario 12
INSERT INTO T5_REGISTRASI_JADWAL_THP_PENGADAAN (REGISTRASIJADWAL_ID, TAHAPAN_PENGADAAN_ID, IS_JADWAL, IS_NO_UNDANGAN, IS_TGL_AWAL, IS_WAKTU_AWAL, IS_TGL_AKHIR, IS_WAKTU_AKHIR, IS_LOKASI, IS_PRAKUALIFIKASI) VALUES(970, 971, 1, 0, 1, 1, 1, 1, 0,0);
INSERT INTO T5_REGISTRASI_JADWAL_THP_PENGADAAN (REGISTRASIJADWAL_ID, TAHAPAN_PENGADAAN_ID, IS_JADWAL, IS_NO_UNDANGAN, IS_TGL_AWAL, IS_WAKTU_AWAL, IS_TGL_AKHIR, IS_WAKTU_AKHIR, IS_LOKASI, IS_PRAKUALIFIKASI) VALUES(971, 972, 1, 0, 1, 1, 1, 1, 0,0);
INSERT INTO T5_REGISTRASI_JADWAL_THP_PENGADAAN (REGISTRASIJADWAL_ID, TAHAPAN_PENGADAAN_ID, IS_JADWAL, IS_NO_UNDANGAN, IS_TGL_AWAL, IS_WAKTU_AWAL, IS_TGL_AKHIR, IS_WAKTU_AKHIR, IS_LOKASI, IS_PRAKUALIFIKASI) VALUES(972, 973, 1, 0, 1, 1, 1, 1, 1,0);
INSERT INTO T5_REGISTRASI_JADWAL_THP_PENGADAAN (REGISTRASIJADWAL_ID, TAHAPAN_PENGADAAN_ID, IS_JADWAL, IS_NO_UNDANGAN, IS_TGL_AWAL, IS_WAKTU_AWAL, IS_TGL_AKHIR, IS_WAKTU_AKHIR, IS_LOKASI, IS_PRAKUALIFIKASI) VALUES(973, 975, 1, 0, 1, 1, 1, 1, 0,0);
INSERT INTO T5_REGISTRASI_JADWAL_THP_PENGADAAN (REGISTRASIJADWAL_ID, TAHAPAN_PENGADAAN_ID, IS_JADWAL, IS_NO_UNDANGAN, IS_TGL_AWAL, IS_WAKTU_AWAL, IS_TGL_AKHIR, IS_WAKTU_AKHIR, IS_LOKASI, IS_PRAKUALIFIKASI) VALUES(974, 976, 1, 0, 1, 1, 1, 1, 0,0);
INSERT INTO T5_REGISTRASI_JADWAL_THP_PENGADAAN (REGISTRASIJADWAL_ID, TAHAPAN_PENGADAAN_ID, IS_JADWAL, IS_NO_UNDANGAN, IS_TGL_AWAL, IS_WAKTU_AWAL, IS_TGL_AKHIR, IS_WAKTU_AKHIR, IS_LOKASI, IS_PRAKUALIFIKASI) VALUES(975, 977, 1, 0, 1, 1, 1, 1, 0,0);
INSERT INTO T5_REGISTRASI_JADWAL_THP_PENGADAAN (REGISTRASIJADWAL_ID, TAHAPAN_PENGADAAN_ID, IS_JADWAL, IS_NO_UNDANGAN, IS_TGL_AWAL, IS_WAKTU_AWAL, IS_TGL_AKHIR, IS_WAKTU_AKHIR, IS_LOKASI, IS_PRAKUALIFIKASI) VALUES(976, 978, 1, 0, 1, 1, 1, 1, 0,0);
INSERT INTO T5_REGISTRASI_JADWAL_THP_PENGADAAN (REGISTRASIJADWAL_ID, TAHAPAN_PENGADAAN_ID, IS_JADWAL, IS_NO_UNDANGAN, IS_TGL_AWAL, IS_WAKTU_AWAL, IS_TGL_AKHIR, IS_WAKTU_AKHIR, IS_LOKASI, IS_PRAKUALIFIKASI) VALUES(977, 979, 1, 0, 1, 1, 1, 1, 0,0);
INSERT INTO T5_REGISTRASI_JADWAL_THP_PENGADAAN (REGISTRASIJADWAL_ID, TAHAPAN_PENGADAAN_ID, IS_JADWAL, IS_NO_UNDANGAN, IS_TGL_AWAL, IS_WAKTU_AWAL, IS_TGL_AKHIR, IS_WAKTU_AKHIR, IS_LOKASI, IS_PRAKUALIFIKASI) VALUES(978, 980, 1, 0, 1, 1, 1, 1, 0,0);
INSERT INTO T5_REGISTRASI_JADWAL_THP_PENGADAAN (REGISTRASIJADWAL_ID, TAHAPAN_PENGADAAN_ID, IS_JADWAL, IS_NO_UNDANGAN, IS_TGL_AWAL, IS_WAKTU_AWAL, IS_TGL_AKHIR, IS_WAKTU_AKHIR, IS_LOKASI, IS_PRAKUALIFIKASI) VALUES(979, 981, 1, 0, 1, 1, 1, 1, 0,0);
INSERT INTO T5_REGISTRASI_JADWAL_THP_PENGADAAN (REGISTRASIJADWAL_ID, TAHAPAN_PENGADAAN_ID, IS_JADWAL, IS_NO_UNDANGAN, IS_TGL_AWAL, IS_WAKTU_AWAL, IS_TGL_AKHIR, IS_WAKTU_AKHIR, IS_LOKASI, IS_PRAKUALIFIKASI) VALUES(980, 982, 1, 0, 1, 1, 1, 1, 0,0);
#Astra - Jadwal Sekenario 13
INSERT INTO T5_REGISTRASI_JADWAL_THP_PENGADAAN (REGISTRASIJADWAL_ID, TAHAPAN_PENGADAAN_ID, IS_JADWAL, IS_NO_UNDANGAN, IS_TGL_AWAL, IS_WAKTU_AWAL, IS_TGL_AKHIR, IS_WAKTU_AKHIR, IS_LOKASI, IS_PRAKUALIFIKASI) VALUES(990, 991, 1, 0, 1, 1, 1, 1, 0,0);
INSERT INTO T5_REGISTRASI_JADWAL_THP_PENGADAAN (REGISTRASIJADWAL_ID, TAHAPAN_PENGADAAN_ID, IS_JADWAL, IS_NO_UNDANGAN, IS_TGL_AWAL, IS_WAKTU_AWAL, IS_TGL_AKHIR, IS_WAKTU_AKHIR, IS_LOKASI, IS_PRAKUALIFIKASI) VALUES(991, 992, 1, 0, 1, 1, 1, 1, 0,0);
INSERT INTO T5_REGISTRASI_JADWAL_THP_PENGADAAN (REGISTRASIJADWAL_ID, TAHAPAN_PENGADAAN_ID, IS_JADWAL, IS_NO_UNDANGAN, IS_TGL_AWAL, IS_WAKTU_AWAL, IS_TGL_AKHIR, IS_WAKTU_AKHIR, IS_LOKASI, IS_PRAKUALIFIKASI) VALUES(992, 993, 1, 0, 1, 1, 1, 1, 1,0);
INSERT INTO T5_REGISTRASI_JADWAL_THP_PENGADAAN (REGISTRASIJADWAL_ID, TAHAPAN_PENGADAAN_ID, IS_JADWAL, IS_NO_UNDANGAN, IS_TGL_AWAL, IS_WAKTU_AWAL, IS_TGL_AKHIR, IS_WAKTU_AKHIR, IS_LOKASI, IS_PRAKUALIFIKASI) VALUES(993, 995, 1, 0, 1, 1, 1, 1, 0,0);
INSERT INTO T5_REGISTRASI_JADWAL_THP_PENGADAAN (REGISTRASIJADWAL_ID, TAHAPAN_PENGADAAN_ID, IS_JADWAL, IS_NO_UNDANGAN, IS_TGL_AWAL, IS_WAKTU_AWAL, IS_TGL_AKHIR, IS_WAKTU_AKHIR, IS_LOKASI, IS_PRAKUALIFIKASI) VALUES(994, 996, 1, 0, 1, 1, 1, 1, 0,0);
INSERT INTO T5_REGISTRASI_JADWAL_THP_PENGADAAN (REGISTRASIJADWAL_ID, TAHAPAN_PENGADAAN_ID, IS_JADWAL, IS_NO_UNDANGAN, IS_TGL_AWAL, IS_WAKTU_AWAL, IS_TGL_AKHIR, IS_WAKTU_AKHIR, IS_LOKASI, IS_PRAKUALIFIKASI) VALUES(995, 997, 1, 0, 1, 1, 1, 1, 0,0);
INSERT INTO T5_REGISTRASI_JADWAL_THP_PENGADAAN (REGISTRASIJADWAL_ID, TAHAPAN_PENGADAAN_ID, IS_JADWAL, IS_NO_UNDANGAN, IS_TGL_AWAL, IS_WAKTU_AWAL, IS_TGL_AKHIR, IS_WAKTU_AKHIR, IS_LOKASI, IS_PRAKUALIFIKASI) VALUES(996, 998, 1, 0, 1, 1, 1, 1, 0,0);
INSERT INTO T5_REGISTRASI_JADWAL_THP_PENGADAAN (REGISTRASIJADWAL_ID, TAHAPAN_PENGADAAN_ID, IS_JADWAL, IS_NO_UNDANGAN, IS_TGL_AWAL, IS_WAKTU_AWAL, IS_TGL_AKHIR, IS_WAKTU_AKHIR, IS_LOKASI, IS_PRAKUALIFIKASI) VALUES(997, 999, 1, 0, 1, 1, 1, 1, 0,0);
INSERT INTO T5_REGISTRASI_JADWAL_THP_PENGADAAN (REGISTRASIJADWAL_ID, TAHAPAN_PENGADAAN_ID, IS_JADWAL, IS_NO_UNDANGAN, IS_TGL_AWAL, IS_WAKTU_AWAL, IS_TGL_AKHIR, IS_WAKTU_AKHIR, IS_LOKASI, IS_PRAKUALIFIKASI) VALUES(998, 1000, 1, 0, 1, 1, 1, 1, 0,0);
INSERT INTO T5_REGISTRASI_JADWAL_THP_PENGADAAN (REGISTRASIJADWAL_ID, TAHAPAN_PENGADAAN_ID, IS_JADWAL, IS_NO_UNDANGAN, IS_TGL_AWAL, IS_WAKTU_AWAL, IS_TGL_AKHIR, IS_WAKTU_AKHIR, IS_LOKASI, IS_PRAKUALIFIKASI) VALUES(999, 1001, 1, 0, 1, 1, 1, 1, 0,0);
INSERT INTO T5_REGISTRASI_JADWAL_THP_PENGADAAN (REGISTRASIJADWAL_ID, TAHAPAN_PENGADAAN_ID, IS_JADWAL, IS_NO_UNDANGAN, IS_TGL_AWAL, IS_WAKTU_AWAL, IS_TGL_AKHIR, IS_WAKTU_AKHIR, IS_LOKASI, IS_PRAKUALIFIKASI) VALUES(1000, 1002, 1, 0, 1, 1, 1, 1, 0,0);

INSERT INTO SEQUENCE VALUES ('T5_REGISTRASI_JADWAL_THP_PENGADAAN', 10000);
#EmailNotifikationStatus
INSERT INTO T1_EMAIL_NOTIFICATION_STATUS (EMAILNOTIFYSTATUS_ID, STATUS_AKTIF) values (1,0);
INSERT INTO SEQUENCE VALUES('T1_EMAIL_NOTIFICATION_STATUS', 100);
#MasterEmail
INSERT INTO T2_MASTER_EMAIL_NOTIFICATION(MASTEREMAILNOTIFY_ID, CREATED, DELETED, ISDELETE, NAMA, NOTIFIKASI_TGL_SEBELUM, NOTIFIKASI_TGL_SESUDAH, TEMPLATE_EMAIL, UPDATED, USERID, ROLE_ID, TAHAPAN_ID) VALUES(1, '2015-11-20 07:42:21.0', NULL, 0, 'Konfirmasi Pendaftaran Pengadaan', 0, 0, '<p>Yth. {Vendor.nama},</p><p>Selamat anda telah terdaftar sebagai perserta Pengadaan <b>{Pengadaan.namaPengadaan}</b> dengan Nomor Pengadaan <span><b>{Pengadaan.<span>nomorNotaDinas</span>}</b></span>.</p><p><br/></p><p><span>Terimakasih<span class="Apple-converted-space">&#160;</span></span>,</p><p>{Panitia.nama}</p>', '2015-11-30 13:06:18.0', 0, 2, 5);
INSERT INTO T2_MASTER_EMAIL_NOTIFICATION(MASTEREMAILNOTIFY_ID, CREATED, DELETED, ISDELETE, NAMA, NOTIFIKASI_TGL_SEBELUM, NOTIFIKASI_TGL_SESUDAH, TEMPLATE_EMAIL, UPDATED, USERID, ROLE_ID, TAHAPAN_ID) VALUES(2, '2015-11-30 12:31:11.0', NULL, 0, 'Undangan Pengadaan', 0, 0, '<p>Yth. {Vendor.nama},</p><p>Anda terpilih sebagai peserta pengadaan {Pengadaan.namaPengadaan} dengan Nomor Pengadaan <span><b>{Pengadaan.<span>nomorNotaDinas</span>}</b></span>. Silahkan melakukan Konfirmasi Pendaftar pada menu Undangan Pengadaan di aplikasi PROMISE.</p><p><br/></p><p>Terimakasih,</p><p>{Panitia.nama}</p>', '2015-11-30 13:06:54.0', NULL, 2, 1);
INSERT INTO T2_MASTER_EMAIL_NOTIFICATION(MASTEREMAILNOTIFY_ID, CREATED, DELETED, ISDELETE, NAMA, NOTIFIKASI_TGL_SEBELUM, NOTIFIKASI_TGL_SESUDAH, TEMPLATE_EMAIL, UPDATED, USERID, ROLE_ID, TAHAPAN_ID) VALUES(3, '2015-11-30 12:31:11.0', NULL, 0, 'Penetapan Pemenang', 0, 0, '<p>Yth. {Vendor.nama},</p><p>Sebelumnya kami ucapkan terimakasih atas partisipasinya dalam proses pengadaan {Pengadaan.namaPengadaan} dengan nomor {Pengadaan.nomorNotaDinas}. Berikut ini adalah informasi hasil Penetapan Pemenang Pengadaan {Pengadaan.nama} : {PenetepanPemenang.hasil}<br/><br/></p><p>Terimakasih,</p><p>{Panitia.nama}</p>', '2015-11-30 12:39:34.0', NULL, 2, 17);
INSERT INTO T2_MASTER_EMAIL_NOTIFICATION(MASTEREMAILNOTIFY_ID, CREATED, DELETED, ISDELETE, NAMA, NOTIFIKASI_TGL_SEBELUM, NOTIFIKASI_TGL_SESUDAH, TEMPLATE_EMAIL, UPDATED, USERID, ROLE_ID, TAHAPAN_ID) VALUES(4, '2015-11-30 12:31:11.0', NULL, 0, 'Negosiasi Pengadaan (Pengingat)', 2, 0, '<p>Yth. {Panitia.nama},</p><p>Menginformasikan bahwa pengadaan {Pengadaan.namaPengadaan} dengan nomor {Pengadaan.nomorNotaDinas} pada hari {JadwalPengadaan.tanggal} memasuki tahapan proses Negosiasi Pengadaan.&#160;</p><p><br/></p><p>Terimakasih,</p><p>PROMISE Administrasi</p>', NULL, NULL, 1, 5);
INSERT INTO SEQUENCE VALUES('T2_MASTER_EMAIL_NOTIFICATION', 100);

#MASTER KRITERIA TEKNIS
DELETE FROM T1_MASTER_KRITERIA_TEKNIS;
INSERT INTO T1_MASTER_KRITERIA_TEKNIS (MASTER_KRITERIA_TEKNIS_ID, NAMA, KETERANGAN) VALUES(1, 'Pengalaman Pekerjaan', 'Sesuai dengan teknis pekerjaan terkait');
INSERT INTO T1_MASTER_KRITERIA_TEKNIS (MASTER_KRITERIA_TEKNIS_ID, NAMA, KETERANGAN) VALUES(2, 'Peralatan kerja', 'Sesuai dengan ketentuan yang dipersyaratkan');
INSERT INTO T1_MASTER_KRITERIA_TEKNIS (MASTER_KRITERIA_TEKNIS_ID, NAMA, KETERANGAN) VALUES(3, 'Lingkup pekerjaan dan spesifikasi teknis', 'Lingkup pekerjaan dan spesifikasi teknis/kualitas barang/jasa yang ditawarkan sesuai dengan Dokumen Pengadaan');
INSERT INTO T1_MASTER_KRITERIA_TEKNIS (MASTER_KRITERIA_TEKNIS_ID, NAMA, KETERANGAN) VALUES(4, 'Waktu Pelaksanaan Pekerjaan', 'Waktu pelaksanaan pekerjaan yang ditawarkan tidak melebihi waktu yang dipersyaratkan dalam Dokumen Pengadaan');
INSERT INTO T1_MASTER_KRITERIA_TEKNIS (MASTER_KRITERIA_TEKNIS_ID, NAMA, KETERANGAN) VALUES(5, 'Tenaga Ahli', 'Sesuai dengan ketentuan yang disyaratkan dalam Dokumen Pengadaan');
INSERT INTO T1_MASTER_KRITERIA_TEKNIS (MASTER_KRITERIA_TEKNIS_ID, NAMA, KETERANGAN) VALUES(6, 'Welding Inspector Certificate', 'Tenaga Ahli');
INSERT INTO T1_MASTER_KRITERIA_TEKNIS (MASTER_KRITERIA_TEKNIS_ID, NAMA, KETERANGAN) VALUES(7, 'Welding Supervisor Certificate', 'Tenaga Ahli');
INSERT INTO T1_MASTER_KRITERIA_TEKNIS (MASTER_KRITERIA_TEKNIS_ID, NAMA, KETERANGAN) VALUES(8, 'Welder (SMAW/Non SMAW)','Tenaga Ahli');
insert into SEQUENCE values ('T1_MASTER_KRITERIA_TEKNIS', 9);

#MASTER KRITERIA ADMINISTRASI
DELETE FROM T1_MASTER_KRITERIA_ADMINISTRASI;
INSERT INTO T1_MASTER_KRITERIA_ADMINISTRASI (MASTER_KRITERIA_ADMINISTRASI_ID, NAMA, KETERANGAN) VALUES(1, 'Surat Pernyataan', NULL);
INSERT INTO T1_MASTER_KRITERIA_ADMINISTRASI (MASTER_KRITERIA_ADMINISTRASI_ID, NAMA, KETERANGAN) VALUES(2, 'Jaminan Penawaran', '1 sd 3% HPS');
INSERT INTO T1_MASTER_KRITERIA_ADMINISTRASI (MASTER_KRITERIA_ADMINISTRASI_ID, NAMA, KETERANGAN) VALUES(3, 'Surat Penyataan Ketersediaan Tenaga Ahli', 'Surat penyataan ketersediaan tenaga ahli');
INSERT INTO T1_MASTER_KRITERIA_ADMINISTRASI (MASTER_KRITERIA_ADMINISTRASI_ID, NAMA, KETERANGAN) VALUES(4, 'SP Kesanggupan Memberikan Masa Retensi', 'Surat Pernyataan kesanggupan memberikan masa retensi');
INSERT INTO T1_MASTER_KRITERIA_ADMINISTRASI (MASTER_KRITERIA_ADMINISTRASI_ID, NAMA, KETERANGAN) VALUES(5, 'SP Kesanggupan Memberikan Masa Pemeliharaan', 'Surat pernyataan kesanggupan memberikan masa pemeliharaan');
INSERT INTO T1_MASTER_KRITERIA_ADMINISTRASI (MASTER_KRITERIA_ADMINISTRASI_ID, NAMA, KETERANGAN) VALUES(6, 'Surat Penawaran Harga', 'Sesuai Format');
INSERT INTO T1_MASTER_KRITERIA_ADMINISTRASI (MASTER_KRITERIA_ADMINISTRASI_ID, NAMA, KETERANGAN) VALUES(7, 'Surat Penawaran Tanpa Harga', 'Sesuai Format');
INSERT INTO T1_MASTER_KRITERIA_ADMINISTRASI (MASTER_KRITERIA_ADMINISTRASI_ID, NAMA, KETERANGAN) VALUES(8, 'Perjanjian Joint Operation', NULL);
INSERT INTO T1_MASTER_KRITERIA_ADMINISTRASI (MASTER_KRITERIA_ADMINISTRASI_ID, NAMA, KETERANGAN) VALUES(9, 'Akta / Perjanjian Konsorsium', NULL);
INSERT INTO T1_MASTER_KRITERIA_ADMINISTRASI (MASTER_KRITERIA_ADMINISTRASI_ID, NAMA, KETERANGAN) VALUES(10, 'Pakta Integritas', 'Sesuai Format');
INSERT INTO T1_MASTER_KRITERIA_ADMINISTRASI (MASTER_KRITERIA_ADMINISTRASI_ID, NAMA, KETERANGAN) VALUES(11, 'Kemampuan Keuangan', NULL);
INSERT INTO T1_MASTER_KRITERIA_ADMINISTRASI (MASTER_KRITERIA_ADMINISTRASI_ID, NAMA, KETERANGAN) VALUES(12, 'Surat Dukungan Keuangan dari Bank', NULL);
INSERT INTO T1_MASTER_KRITERIA_ADMINISTRASI (MASTER_KRITERIA_ADMINISTRASI_ID, NAMA, KETERANGAN) VALUES(13, 'Supporting Letter', NULL);
INSERT INTO T1_MASTER_KRITERIA_ADMINISTRASI (MASTER_KRITERIA_ADMINISTRASI_ID, NAMA, KETERANGAN) VALUES(14, 'Surat Pernyataan Minat', '(sesuai format)');
INSERT INTO T1_MASTER_KRITERIA_ADMINISTRASI (MASTER_KRITERIA_ADMINISTRASI_ID, NAMA, KETERANGAN) VALUES(15, 'Surat dukungan dari principal', NULL);
INSERT INTO T1_MASTER_KRITERIA_ADMINISTRASI (MASTER_KRITERIA_ADMINISTRASI_ID, NAMA, KETERANGAN) VALUES(16, 'Surat dukungan dari principal/distributor', NULL);
INSERT INTO T1_MASTER_KRITERIA_ADMINISTRASI (MASTER_KRITERIA_ADMINISTRASI_ID, NAMA, KETERANGAN) VALUES(17, 'Surat dukungan dari principal/agen tunggal ', NULL);
INSERT INTO T1_MASTER_KRITERIA_ADMINISTRASI (MASTER_KRITERIA_ADMINISTRASI_ID, NAMA, KETERANGAN) VALUES(18, 'Persyaratan Kesehatan dan Keselamatan Kerja', 'Sesuai Ketentuan Dokumen Pengadaan');
INSERT INTO T1_MASTER_KRITERIA_ADMINISTRASI (MASTER_KRITERIA_ADMINISTRASI_ID, NAMA, KETERANGAN) VALUES(19, 'Persyaratan Aspek Pengamanan', 'Sesuai ketentuan Dokumen Pengadaan');
INSERT INTO T1_MASTER_KRITERIA_ADMINISTRASI (MASTER_KRITERIA_ADMINISTRASI_ID, NAMA, KETERANGAN) VALUES(20, 'Surat Ijin Usaha Perdagangan (SIUP)', NULL);
INSERT INTO T1_MASTER_KRITERIA_ADMINISTRASI (MASTER_KRITERIA_ADMINISTRASI_ID, NAMA, KETERANGAN) VALUES(21, 'Surat Ijin Usaha Jasa Konstruksi (SIUJK)', NULL);
INSERT INTO T1_MASTER_KRITERIA_ADMINISTRASI (MASTER_KRITERIA_ADMINISTRASI_ID, NAMA, KETERANGAN) VALUES(22, 'Nomor pokok Wajib Pajak (NPWP)', NULL);
INSERT INTO T1_MASTER_KRITERIA_ADMINISTRASI (MASTER_KRITERIA_ADMINISTRASI_ID, NAMA, KETERANGAN) VALUES(23, 'Surat Pengukuhan Pengusaha Kena Pajak (SP PKP)', NULL);
INSERT INTO T1_MASTER_KRITERIA_ADMINISTRASI (MASTER_KRITERIA_ADMINISTRASI_ID, NAMA, KETERANGAN) VALUES(24, 'Akta Pendirian Perusahaan dan Perubahannya', NULL);
INSERT INTO T1_MASTER_KRITERIA_ADMINISTRASI (MASTER_KRITERIA_ADMINISTRASI_ID, NAMA, KETERANGAN) VALUES(25, 'Bukti Bayar Pajak SPT/PPh Badan Tahunan', '(Tahun Terakhir)');
INSERT INTO T1_MASTER_KRITERIA_ADMINISTRASI (MASTER_KRITERIA_ADMINISTRASI_ID, NAMA, KETERANGAN) VALUES(26, 'Laporan Keuangan tahun terakhir', '(External Audited)');
INSERT INTO T1_MASTER_KRITERIA_ADMINISTRASI (MASTER_KRITERIA_ADMINISTRASI_ID, NAMA, KETERANGAN) VALUES(27, 'Surat Keterangan Domisili', NULL);
INSERT INTO T1_MASTER_KRITERIA_ADMINISTRASI (MASTER_KRITERIA_ADMINISTRASI_ID, NAMA, KETERANGAN) VALUES(28, 'Bukti bayar pajak PPh Pasal 21 / 23 atau PPN', '(3 bulan terakhir)');
INSERT INTO T1_MASTER_KRITERIA_ADMINISTRASI (MASTER_KRITERIA_ADMINISTRASI_ID, NAMA, KETERANGAN) VALUES(29, 'Surat Keterangan Fiskal', '(SKF)');
INSERT INTO T1_MASTER_KRITERIA_ADMINISTRASI (MASTER_KRITERIA_ADMINISTRASI_ID, NAMA, KETERANGAN) VALUES(30, 'Sertifikat Badang Usaha Jasa Pelaksanan Konstruksi', '(SBU)');
INSERT INTO T1_MASTER_KRITERIA_ADMINISTRASI (MASTER_KRITERIA_ADMINISTRASI_ID, NAMA, KETERANGAN) VALUES(31, 'Surat &#150; surat pernyataan', '(sesuai format)');
INSERT INTO T1_MASTER_KRITERIA_ADMINISTRASI (MASTER_KRITERIA_ADMINISTRASI_ID, NAMA, KETERANGAN) VALUES(32, 'Formulir isian kualifikasi', '(sesuai format)');
INSERT INTO T1_MASTER_KRITERIA_ADMINISTRASI (MASTER_KRITERIA_ADMINISTRASI_ID, NAMA, KETERANGAN) VALUES(33, 'Surat Pernyataan dan Referensi Bank', '-');
INSERT INTO T1_MASTER_KRITERIA_ADMINISTRASI (MASTER_KRITERIA_ADMINISTRASI_ID, NAMA, KETERANGAN) VALUES(34, 'Persyaratan Aspek Lingkungan', 'Sesuai ketentuan Dokumen Pengadaan');
insert into SEQUENCE values ('T1_MASTER_KRITERIA_ADMINISTRASI', 35);

#Bidang Usaha
DELETE FROM T1_BIDANG_USAHA;
INSERT INTO T1_BIDANG_USAHA (BIDANG_USAHA_ID, PARENT_ID, NAMA) VALUES (1, 0, 'Telekomunikasi dan Teknologi Informasi');
INSERT INTO T1_BIDANG_USAHA (BIDANG_USAHA_ID, PARENT_ID, NAMA) VALUES (2, 1, 'Teknologi Jaringan');
INSERT INTO T1_BIDANG_USAHA (BIDANG_USAHA_ID, PARENT_ID, NAMA) VALUES (3, 1, 'Teknologi Software');
INSERT INTO T1_BIDANG_USAHA (BIDANG_USAHA_ID, PARENT_ID, NAMA) VALUES (4, 1, 'Teknologi Hardware');
INSERT INTO T1_BIDANG_USAHA (BIDANG_USAHA_ID, PARENT_ID, NAMA) VALUES (5, 0, 'Konstruksi Bangunan Sipil');
INSERT INTO T1_BIDANG_USAHA (BIDANG_USAHA_ID, PARENT_ID, NAMA) VALUES (6, 5, 'Struktur Design');
insert into SEQUENCE values ('T1_BIDANG_USAHA', 7);

#Sub Bidang Usaha
DELETE FROM T2_SUB_BIDANG_USAHA;
INSERT INTO T2_SUB_BIDANG_USAHA (SUB_BIDANG_USAHA_ID, BIDANG_USAHA_ID, NAMA) VALUES (1, 1, 'INTERNET SERVICE PROVIDER');
INSERT INTO T2_SUB_BIDANG_USAHA (SUB_BIDANG_USAHA_ID, BIDANG_USAHA_ID, NAMA) VALUES (2, 1, 'TELEKOMUNIKASI TANPA KABEL');
INSERT INTO T2_SUB_BIDANG_USAHA (SUB_BIDANG_USAHA_ID, BIDANG_USAHA_ID, NAMA) VALUES (3, 1, 'TELEKOMUNIKASI DENGAN KABEL');
INSERT INTO T2_SUB_BIDANG_USAHA (SUB_BIDANG_USAHA_ID, BIDANG_USAHA_ID, NAMA) VALUES (4, 5, 'Struktur Beton');
insert into SEQUENCE values ('T2_SUB_BIDANG_USAHA', 5);

#Item
#Item Type
DELETE FROM T1_ITEM_TYPE;
INSERT INTO T1_ITEM_TYPE (ITEM_TYPE_ID, NAMA) VALUES(1,'MATERIAL');
INSERT INTO T1_ITEM_TYPE (ITEM_TYPE_ID, NAMA) VALUES(2,'JASA');
INSERT INTO SEQUENCE VALUES ('T1_ITEM_TYPE', 3);
#Item Group
DELETE FROM T1_ITEMGROUP;
INSERT INTO T1_ITEMGROUP (ITEM_GROUP_ID, PARENT_ID, NAMA) VALUES (1, 0, 'KOMPUTER');
INSERT INTO T1_ITEMGROUP (ITEM_GROUP_ID, PARENT_ID, NAMA) VALUES (2, 0, 'LAIN-LAIN');
INSERT INTO SEQUENCE VALUES('T1_ITEMGROUP',3);
#SATUAN
DELETE FROM T1_SATUAN;
INSERT INTO T1_SATUAN (SATUAN_ID, NAMA) VALUES (1, 'UNIT');
INSERT INTO T1_SATUAN (SATUAN_ID, NAMA) VALUES (2, 'BUAH');
INSERT INTO T1_SATUAN (SATUAN_ID, NAMA) VALUES (3, 'SET');
INSERT INTO T1_SATUAN (SATUAN_ID, NAMA) VALUES (4, 'ROLL');
INSERT INTO T1_SATUAN (SATUAN_ID, NAMA) VALUES (5, 'DLL');
INSERT INTO T1_SATUAN (SATUAN_ID, NAMA) VALUES (6, 'PIECES');
INSERT INTO SEQUENCE VALUES('T1_SATUAN',7);
#ITEM
DELETE FROM T2_ITEM;
INSERT INTO T2_ITEM (ITEM_ID, NAMA, KODE, DESKRIPSI, SATUAN_ID, ITEM_TYPE_ID, ITEM_GROUP_ID) VALUES (1, 'POWER SUPPLY KOMPUTER MERK SIMBADA 450 Watt 2 SATA', '43.010.003.0018', '', 1, 1, 1);
INSERT INTO T2_ITEM (ITEM_ID, NAMA, KODE, DESKRIPSI, SATUAN_ID, ITEM_TYPE_ID, ITEM_GROUP_ID) VALUES (2, 'KOMPUTER, DESKTOP PC, Intel Core i-5; Board Intel Chipset; VGA RAM 1GB, HDMI Port; HD 500 GB; DDR3 4GB', '62.003.002.0082', '', 3, 1, 1);
INSERT INTO T2_ITEM (ITEM_ID, NAMA, KODE, DESKRIPSI, SATUAN_ID, ITEM_TYPE_ID, ITEM_GROUP_ID) VALUES (3, 'KABEL KOMPUTER VGA 20 MTR', '25.004.004.0007', '', 4, 1, 1);
INSERT INTO T2_ITEM (ITEM_ID, NAMA, KODE, DESKRIPSI, SATUAN_ID, ITEM_TYPE_ID, ITEM_GROUP_ID) VALUES (4, 'KOMPUTER MOTHERBOARD INTEL DH55PJ INTEL CORE I3 540/550 SOCKET LGA1156 HDD SATA SEAGATE BARRACUDA 160/250 GB RAM 2048 MB (2GB) DDR3 PC-10600/10666 OPTIC DISK SAMSUNG / LG MONITOR LCD SAMSUNG SYNCMASTER B1630N / LCD LG FLATRON W1642S KEYBOARD LOGITECH', '62.003.002.0050', '', 1, 1, 1);
INSERT INTO T2_ITEM (ITEM_ID, NAMA, KODE, DESKRIPSI, SATUAN_ID, ITEM_TYPE_ID, ITEM_GROUP_ID) VALUES (5, 'JASA SEWA KOMPUTER + LAPTOP PERIODE JULI S/D DESEMBER 2015 RND', '62.003.002.0052', '', 1, 2, 1);
INSERT INTO T2_ITEM (ITEM_ID, NAMA, KODE, DESKRIPSI, SATUAN_ID, ITEM_TYPE_ID, ITEM_GROUP_ID) VALUES (6, 'PEMBERSIH KOMPUTER LCD CLEANER MERK CRYSTAL SCREEN', '61.001.021.0003', '', 3, 1, 1);
INSERT INTO SEQUENCE VALUES('T2_ITEM',7);


#DATA BANK (SEMENTARA MANDIRI DAN BCA)
DELETE FROM T1_BANK;
INSERT INTO T1_BANK(BANK_ID, KODE_BANK, NAMA_BANK, STATUS_KANTOR, NAMA_KANTOR, ALAMAT, PROPINSI, KOTA, KODE_POS, TELEPON) VALUES (1,8,'PT BANK MANDIRI (PERSERO) Tbk','Kantor Kas','Jakarta Kuningan City','AXA Tower Jl. Prof. Dr. Satrio Kav 18','DKI Jakarta','Wil. Kota Jakarta Selatan',12940,'(021) 30480540');
INSERT INTO T1_BANK(BANK_ID, KODE_BANK, NAMA_BANK, STATUS_KANTOR, NAMA_KANTOR, ALAMAT, PROPINSI, KOTA, KODE_POS, TELEPON) VALUES (2,8,'PT BANK MANDIRI (PERSERO) Tbk','Kantor Kas','Jakarta Multivision Tower','Jl. Kuningan Mulia Kav. 9B','DKI Jakarta','Wil. Kota Jakarta Selatan',12920,'(021)29380058');
INSERT INTO T1_BANK(BANK_ID, KODE_BANK, NAMA_BANK, STATUS_KANTOR, NAMA_KANTOR, ALAMAT, PROPINSI, KOTA, KODE_POS, TELEPON) VALUES (3,14,'PT Bank Central Asia','Kantor Cabang Pembantu (Dalam Negeri)','Jalan Panjang','Jln. Panjang 79 EF Jakarta','DKI Jakarta','Wil. Kota Jakarta Barat',11520,'021 5633063-64');
INSERT INTO T1_BANK(BANK_ID, KODE_BANK, NAMA_BANK, STATUS_KANTOR, NAMA_KANTOR, ALAMAT, PROPINSI, KOTA, KODE_POS, TELEPON) VALUES (4,14,'PT Bank Central Asia','Kantor Cabang Pembantu (Dalam Negeri)','Jamblang','Jln. Jamblang Raya 51 Jakarta','DKI Jakarta','Wil. Kota Jakarta Barat',11270,'021 6323684');
INSERT INTO T1_BANK(BANK_ID, KODE_BANK, NAMA_BANK, STATUS_KANTOR, NAMA_KANTOR, ALAMAT, PROPINSI, KOTA, KODE_POS, TELEPON) VALUES (5,14,'PT Bank Central Asia','Kantor Cabang Pembantu (Dalam Negeri)','Jatibening','Jln. Caman Raya No. 17 J & K Bekasi','Jawa Barat','Kab. Bekasi',17412,'021 84992622');
INSERT INTO T1_BANK(BANK_ID, KODE_BANK, NAMA_BANK, STATUS_KANTOR, NAMA_KANTOR, ALAMAT, PROPINSI, KOTA, KODE_POS, TELEPON) VALUES (6,14,'PT Bank Central Asia','Kantor Cabang Pembantu (Dalam Negeri)','Jatinegara Barat','Jl. Jatinegara Barat 54 E, Blok C 1-4 Jakarta','DKI Jakarta','Wil. Kota Jakarta Timur',13320,'021 2800472');
INSERT INTO T1_BANK(BANK_ID, KODE_BANK, NAMA_BANK, STATUS_KANTOR, NAMA_KANTOR, ALAMAT, PROPINSI, KOTA, KODE_POS, TELEPON) VALUES (7,14,'PT Bank Central Asia','Kantor Cabang Pembantu (Dalam Negeri)','Jatinegara Timur','Jln. Jatinegara Timur No. 39 Jakarta','DKI Jakarta','Wil. Kota Jakarta Timur',13310,'021 85911435');
INSERT INTO T1_BANK(BANK_ID, KODE_BANK, NAMA_BANK, STATUS_KANTOR, NAMA_KANTOR, ALAMAT, PROPINSI, KOTA, KODE_POS, TELEPON) VALUES (8,14,'PT Bank Central Asia','Kantor Cabang Pembantu (Dalam Negeri)','Pacific Place','Jl. Jend. Sudirman 52-53 Lot 3 & 5 Jakarta','DKI Jakarta','Wil. Kota Jakarta Selatan',12190,'021 51402780');
INSERT INTO T1_BANK(BANK_ID, KODE_BANK, NAMA_BANK, STATUS_KANTOR, NAMA_KANTOR, ALAMAT, PROPINSI, KOTA, KODE_POS, TELEPON) VALUES (9,14,'PT Bank Central Asia','Kantor Cabang Pembantu (Dalam Negeri)','Padalarang','Jln. Raya Padalarang Kav.10 Bandung','Jawa Barat','Kab. Bandung',40553,'022 6809095');
INSERT INTO T1_BANK(BANK_ID, KODE_BANK, NAMA_BANK, STATUS_KANTOR, NAMA_KANTOR, ALAMAT, PROPINSI, KOTA, KODE_POS, TELEPON) VALUES (10,14,'PT Bank Central Asia','Kantor Cabang (Dalam Negeri)','PONDOK INDAH','Wisma BCA PI, Jl. Metro PI Jakarta','DKI Jakarta','Wil. Kota Jakarta Selatan',12310,'021 29973555');
INSERT INTO T1_BANK(BANK_ID, KODE_BANK, NAMA_BANK, STATUS_KANTOR, NAMA_KANTOR, ALAMAT, PROPINSI, KOTA, KODE_POS, TELEPON) VALUES (11,14,'PT Bank Central Asia','Kantor Cabang (Dalam Negeri)','TEBING TINGGI','Jl Jen Sudirman 225-227-229 Tebing Tinggi','Sumatera Utara','Kota Tebing Tinggi',20615,'0621 21242');
INSERT INTO SEQUENCE VALUES('T1_BANK',12);
#DATA ASOSIASI
DELETE FROM T1_ASOSIASI;
INSERT INTO T1_ASOSIASI (ASOSIASI_ID, NAMA) VALUES('1', 'Kamar Dagang dan Industri Indonesia (KADIN)');
INSERT INTO T1_ASOSIASI (ASOSIASI_ID, NAMA) VALUES('2', 'Asosiasi Piranti Lunak Telematika Indonesia (Aspiluki)');
INSERT INTO T1_ASOSIASI (ASOSIASI_ID, NAMA) VALUES('3', 'Asosiasi Industri Alat Besar Indonesia (HINABI)');
INSERT INTO T1_ASOSIASI (ASOSIASI_ID, NAMA) VALUES('4', 'Asosiasi Pengusaha Indonesia (APINDO)');
INSERT INTO T1_ASOSIASI (ASOSIASI_ID, NAMA) VALUES('5', 'Lembaga Pengembangan Jasa Konstruksi Nasional');
INSERT INTO SEQUENCE VALUES('T1_ASOSIASI', 6);
#NEGARA
DELETE FROM T1_NEGARA;
INSERT INTO T1_NEGARA (NEGARA_ID, NAMA, IBU_KOTA) VALUES('1', 'Indonesia', 'Jakarta');
INSERT INTO T1_NEGARA (NEGARA_ID, NAMA, IBU_KOTA) VALUES('2', 'United State', 'Washington');
INSERT INTO T1_NEGARA (NEGARA_ID, NAMA, IBU_KOTA) VALUES('3', 'England', 'London');
INSERT INTO T1_NEGARA (NEGARA_ID, NAMA, IBU_KOTA) VALUES('4', 'Malaysia', 'Kuala Lumpur');
INSERT INTO T1_NEGARA (NEGARA_ID, NAMA, IBU_KOTA) VALUES('5', 'Singapure', 'Tasik');
INSERT INTO SEQUENCE VALUES('T1_NEGARA', 6);
#PROPINSI KOTA
DELETE FROM T1_WILAYAH;
INSERT INTO T1_WILAYAH (LOKASI_ID, LOKASI_KODE, LOKASI_NAMA, LOKASI_PROPINSI, LOKASI_KABUPATENKOTA, LOKASI_KECAMATAN, LOKASI_KELURAHAN) VALUES (1, '31.00.00.0000', 'DKI Jakarta', 31, 00, 00, 0000);
INSERT INTO T1_WILAYAH (LOKASI_ID, LOKASI_KODE, LOKASI_NAMA, LOKASI_PROPINSI, LOKASI_KABUPATENKOTA, LOKASI_KECAMATAN, LOKASI_KELURAHAN) VALUES (2, '34.00.00.0000', 'DI Yogyakarta', 34, 00, 00, 0000);
INSERT INTO T1_WILAYAH (LOKASI_ID, LOKASI_KODE, LOKASI_NAMA, LOKASI_PROPINSI, LOKASI_KABUPATENKOTA, LOKASI_KECAMATAN, LOKASI_KELURAHAN) VALUES (3, '34.01.00.0000', 'KABUPATEN KULONPROGO', 34, 01, 00, 0000);
INSERT INTO T1_WILAYAH (LOKASI_ID, LOKASI_KODE, LOKASI_NAMA, LOKASI_PROPINSI, LOKASI_KABUPATENKOTA, LOKASI_KECAMATAN, LOKASI_KELURAHAN) VALUES (4, '34.02.00.0000', 'KABUPATEN BANTUL', 34, 02, 00, 0000);
INSERT INTO T1_WILAYAH (LOKASI_ID, LOKASI_KODE, LOKASI_NAMA, LOKASI_PROPINSI, LOKASI_KABUPATENKOTA, LOKASI_KECAMATAN, LOKASI_KELURAHAN) VALUES (5, '34.03.00.0000', 'KABUPATEN GUNUNG KIDUL', 34, 03, 00, 0000);
INSERT INTO T1_WILAYAH (LOKASI_ID, LOKASI_KODE, LOKASI_NAMA, LOKASI_PROPINSI, LOKASI_KABUPATENKOTA, LOKASI_KECAMATAN, LOKASI_KELURAHAN) VALUES (6, '34.04.00.0000', 'KABUPATEN SLEMAN', 34, 04, 00, 0000);
INSERT INTO T1_WILAYAH (LOKASI_ID, LOKASI_KODE, LOKASI_NAMA, LOKASI_PROPINSI, LOKASI_KABUPATENKOTA, LOKASI_KECAMATAN, LOKASI_KELURAHAN) VALUES (7, '34.71.00.0000', 'KOTA YOGYAKARTA', 34, 71, 00, 0000);
INSERT INTO T1_WILAYAH (LOKASI_ID, LOKASI_KODE, LOKASI_NAMA, LOKASI_PROPINSI, LOKASI_KABUPATENKOTA, LOKASI_KECAMATAN, LOKASI_KELURAHAN) VALUES (8, '31.71.00.0000', 'KOTA JAKARTA PUSAT', 31, 71, 00, 0000);
INSERT INTO T1_WILAYAH (LOKASI_ID, LOKASI_KODE, LOKASI_NAMA, LOKASI_PROPINSI, LOKASI_KABUPATENKOTA, LOKASI_KECAMATAN, LOKASI_KELURAHAN) VALUES (9, '31.72.00.0000', 'KOTA JAKARTA UTARA', 31, 72, 00, 0000);
INSERT INTO T1_WILAYAH (LOKASI_ID, LOKASI_KODE, LOKASI_NAMA, LOKASI_PROPINSI, LOKASI_KABUPATENKOTA, LOKASI_KECAMATAN, LOKASI_KELURAHAN) VALUES (10, '31.73.00.0000', 'KOTA JAKARTA BARAT', 31, 73, 00, 0000);
INSERT INTO T1_WILAYAH (LOKASI_ID, LOKASI_KODE, LOKASI_NAMA, LOKASI_PROPINSI, LOKASI_KABUPATENKOTA, LOKASI_KECAMATAN, LOKASI_KELURAHAN) VALUES (11, '31.74.00.0000', 'KOTA JAKARTA SELATAN', 31, 74, 00, 0000);
INSERT INTO T1_WILAYAH (LOKASI_ID, LOKASI_KODE, LOKASI_NAMA, LOKASI_PROPINSI, LOKASI_KABUPATENKOTA, LOKASI_KECAMATAN, LOKASI_KELURAHAN) VALUES (12, '31.75.00.0000', 'KOTA JAKARTA TIMUR', 31, 75, 00, 0000);
INSERT INTO T1_WILAYAH (LOKASI_ID, LOKASI_KODE, LOKASI_NAMA, LOKASI_PROPINSI, LOKASI_KABUPATENKOTA, LOKASI_KECAMATAN, LOKASI_KELURAHAN) VALUES (13, '31.76.00.0000', 'KABUPATEN KEPULAUAN SERIBU', 31, 76, 00, 0000);
INSERT INTO SEQUENCE VALUES('T1_WILAYAH',14);
#KONDISI PERALATAN VENDOR
DELETE FROM T1_KONDISI_PERALATAN_VENDOR;
INSERT INTO T1_KONDISI_PERALATAN_VENDOR (KONDISI_PERALATAN_VENDOR_ID, NAMA) VALUES(1,'BARU');
INSERT INTO T1_KONDISI_PERALATAN_VENDOR (KONDISI_PERALATAN_VENDOR_ID, NAMA) VALUES(2,'BEKAS');
INSERT INTO SEQUENCE VALUES('T1_KONDISI_PERALATAN_VENDOR',3);
#BUKTI KEPEMILIKAN
DELETE FROM T1_BUKTI_KEPEMILIKAN;
INSERT INTO T1_BUKTI_KEPEMILIKAN (BUKTI_KEPEMILIKAN_ID, NAMA) VALUES(1,'SEWA');
INSERT INTO T1_BUKTI_KEPEMILIKAN (BUKTI_KEPEMILIKAN_ID, NAMA) VALUES(2,'MILIK');
INSERT INTO SEQUENCE VALUES('T1_BUKTI_KEPEMILIKAN',3);
#MASTER KRITERIA KUALIFIKASI ADMINISTRASI
DELETE FROM T1_MASTER_KRITERIA_KUALIFIKASI_ADMINISTRASI;
INSERT INTO T1_MASTER_KRITERIA_KUALIFIKASI_ADMINISTRASI (MASTER_KRITERIA_KUALIFIKASI_ADMINISTRASI_ID, NAMA, KETERANGAN) VALUES(1, 'Surat Pernyataan', NULL);
INSERT INTO T1_MASTER_KRITERIA_KUALIFIKASI_ADMINISTRASI (MASTER_KRITERIA_KUALIFIKASI_ADMINISTRASI_ID, NAMA, KETERANGAN) VALUES(2, 'Jaminan Penawaran', '1 sd 3% HPS');
INSERT INTO T1_MASTER_KRITERIA_KUALIFIKASI_ADMINISTRASI (MASTER_KRITERIA_KUALIFIKASI_ADMINISTRASI_ID, NAMA, KETERANGAN) VALUES(3, 'Surat Penyataan Ketersediaan Tenaga Ahli', 'Surat penyataan ketersediaan tenaga ahli');
INSERT INTO T1_MASTER_KRITERIA_KUALIFIKASI_ADMINISTRASI (MASTER_KRITERIA_KUALIFIKASI_ADMINISTRASI_ID, NAMA, KETERANGAN) VALUES(4, 'SP Kesanggupan Memberikan Masa Retensi', 'Surat Pernyataan kesanggupan memberikan masa retensi');
INSERT INTO T1_MASTER_KRITERIA_KUALIFIKASI_ADMINISTRASI (MASTER_KRITERIA_KUALIFIKASI_ADMINISTRASI_ID, NAMA, KETERANGAN) VALUES(5, 'SP Kesanggupan Memberikan Masa Pemeliharaan', 'Surat pernyataan kesanggupan memberikan masa pemeliharaan');
INSERT INTO T1_MASTER_KRITERIA_KUALIFIKASI_ADMINISTRASI (MASTER_KRITERIA_KUALIFIKASI_ADMINISTRASI_ID, NAMA, KETERANGAN) VALUES(6, 'Surat Penawaran Harga', 'Sesuai Format');
INSERT INTO T1_MASTER_KRITERIA_KUALIFIKASI_ADMINISTRASI (MASTER_KRITERIA_KUALIFIKASI_ADMINISTRASI_ID, NAMA, KETERANGAN) VALUES(7, 'Surat Penawaran Tanpa Harga', 'Sesuai Format');
INSERT INTO T1_MASTER_KRITERIA_KUALIFIKASI_ADMINISTRASI (MASTER_KRITERIA_KUALIFIKASI_ADMINISTRASI_ID, NAMA, KETERANGAN) VALUES(8, 'Perjanjian Joint Operation', NULL);
INSERT INTO T1_MASTER_KRITERIA_KUALIFIKASI_ADMINISTRASI (MASTER_KRITERIA_KUALIFIKASI_ADMINISTRASI_ID, NAMA, KETERANGAN) VALUES(9, 'Akta / Perjanjian Konsorsium', NULL);
INSERT INTO T1_MASTER_KRITERIA_KUALIFIKASI_ADMINISTRASI (MASTER_KRITERIA_KUALIFIKASI_ADMINISTRASI_ID, NAMA, KETERANGAN) VALUES(10, 'Pakta Integritas', 'Sesuai Format');
INSERT INTO T1_MASTER_KRITERIA_KUALIFIKASI_ADMINISTRASI (MASTER_KRITERIA_KUALIFIKASI_ADMINISTRASI_ID, NAMA, KETERANGAN) VALUES(11, 'Kemampuan Keuangan', NULL);
INSERT INTO T1_MASTER_KRITERIA_KUALIFIKASI_ADMINISTRASI (MASTER_KRITERIA_KUALIFIKASI_ADMINISTRASI_ID, NAMA, KETERANGAN) VALUES(12, 'Surat Dukungan Keuangan dari Bank', NULL);
INSERT INTO T1_MASTER_KRITERIA_KUALIFIKASI_ADMINISTRASI (MASTER_KRITERIA_KUALIFIKASI_ADMINISTRASI_ID, NAMA, KETERANGAN) VALUES(13, 'Supporting Letter', NULL);
INSERT INTO T1_MASTER_KRITERIA_KUALIFIKASI_ADMINISTRASI (MASTER_KRITERIA_KUALIFIKASI_ADMINISTRASI_ID, NAMA, KETERANGAN) VALUES(14, 'Surat Pernyataan Minat', '(sesuai format)');
INSERT INTO T1_MASTER_KRITERIA_KUALIFIKASI_ADMINISTRASI (MASTER_KRITERIA_KUALIFIKASI_ADMINISTRASI_ID, NAMA, KETERANGAN) VALUES(15, 'Surat dukungan dari principal', NULL);
INSERT INTO SEQUENCE VALUES('T1_MASTER_KRITERIA_KUALIFIKASI_ADMINISTRASI',20);
#MASTER KRITERIA KUALIFIKASI TEKNIS
DELETE FROM T1_MASTER_KRITERIA_KUALIFIKASI_TEKNIS;
INSERT INTO T1_MASTER_KRITERIA_KUALIFIKASI_TEKNIS (MASTER_KRITERIA_KUALIFIKASI_TEKNIS_ID, KODE, KETERANGAN) VALUES(1, '2', 'Jasa kosntruksi');
INSERT INTO T1_MASTER_KRITERIA_KUALIFIKASI_TEKNIS (MASTER_KRITERIA_KUALIFIKASI_TEKNIS_ID, KODE, KETERANGAN) VALUES(2, '3', 'Jasa');
INSERT INTO T1_MASTER_KRITERIA_KUALIFIKASI_TEKNIS (MASTER_KRITERIA_KUALIFIKASI_TEKNIS_ID, KODE, KETERANGAN) VALUES(3, '5', 'Barang');
INSERT INTO SEQUENCE VALUES('T1_MASTER_KRITERIA_KUALIFIKASI_TEKNIS',10);
#SAMPLE PARAMETER
DELETE FROM PARAMETER;
INSERT INTO PARAMETER (PARAMETER_ID, CREATED, DELETED, ISDELETE, KETERANGAN, NAMA, NILAI, TIPE, UPDATED, USERID, IS_EDITABLE) VALUES(1, '2016-01-11 17:41:54', NULL, 0, 'Security Status', 'SECURITY_DISABLED', 'TRUE', 'BOOLEAN', '2016-01-12 14:58:19', NULL, 1);
INSERT INTO PARAMETER (PARAMETER_ID, CREATED, DELETED, ISDELETE, KETERANGAN, NAMA, NILAI, TIPE, UPDATED, USERID, IS_EDITABLE) VALUES(2, '2016-01-11 17:41:54', NULL, 0, 'Alamat SMTP email', 'SMTP_ADDRESS', 'smtp.gmail.com', 'TEXT', '2016-01-12 14:58:30', NULL, 1);
INSERT INTO PARAMETER (PARAMETER_ID, CREATED, DELETED, ISDELETE, KETERANGAN, NAMA, NILAI, TIPE, UPDATED, USERID, IS_EDITABLE) VALUES(3, '2016-01-11 17:41:54', NULL, 0, 'Nomor Port SMTP email', 'SMTP_PORT', '25', 'NUMBER', '2016-01-12 14:36:22', NULL, 1);
INSERT INTO PARAMETER (PARAMETER_ID, CREATED, DELETED, ISDELETE, KETERANGAN, NAMA, NILAI, TIPE, UPDATED, USERID, IS_EDITABLE) VALUES(4, '2016-01-11 17:41:54', NULL, 0, 'Lokasi file upload', 'UPLOAD_FILE_PATH', '/home/mamat/fileupload/', 'TEXT', '2016-01-12 14:36:22', NULL, 1);
INSERT INTO PARAMETER (PARAMETER_ID, CREATED, DELETED, ISDELETE, KETERANGAN, NAMA, NILAI, TIPE, UPDATED, USERID, IS_EDITABLE) VALUES(5, '2016-01-11 17:41:54', NULL, 0, 'Url CM', 'CM_URL', 'pm.dev.promise.co.id/promisecmclient/', 'TEXT', '2016-01-12 14:36:22', NULL, 1);
INSERT INTO PARAMETER (PARAMETER_ID, CREATED, DELETED, ISDELETE, KETERANGAN, NAMA, NILAI, TIPE, UPDATED, USERID, IS_EDITABLE) VALUES(6, '2016-01-11 17:41:54', NULL, 0, 'SERTIFIKAT_NO_URUT', 'SERTIFIKAT_NO_URUT', '0', 'NUMBER', '2016-01-12 14:36:22', NULL, 1);
INSERT INTO PARAMETER (PARAMETER_ID, CREATED, DELETED, ISDELETE, KETERANGAN, NAMA, NILAI, TIPE, UPDATED, USERID, IS_EDITABLE) VALUES(7, '2016-01-11 17:41:54', NULL, 0, 'SERTIFIKAT_FORMAT', 'SERTIFIKAT_FORMAT', 'SERTIFIKAT/A/{NUMBER}', 'TEXT', '2016-01-12 14:36:22', NULL, 1);
INSERT INTO PARAMETER (PARAMETER_ID, CREATED, DELETED, ISDELETE, KETERANGAN, NAMA, NILAI, TIPE, UPDATED, USERID, IS_EDITABLE) VALUES(8, '2016-01-11 17:41:54', NULL, 0, 'SERTIFIKAT_DEFAULT', 'SERTIFIKAT_DEFAULT', '000000', 'TEXT', '2016-01-12 14:36:22', NULL, 1);

#### JENIS PERSETUJUAN PENGADAAN
DELETE FROM T1_JENIS_PERSETUJUAN_PENGADAAN;
insert into T1_JENIS_PERSETUJUAN_PENGADAAN (JENIS_PERSETUJUAN_PENGADAAN_ID, NAMA, STATUS, JUMLAH_USER, CREATED, ISDELETE) VALUES (1, 'Persetujuan Pengadaan Barang', 'User Approval 2', 3, NOW(), 0);
insert into T1_JENIS_PERSETUJUAN_PENGADAAN (JENIS_PERSETUJUAN_PENGADAAN_ID, NAMA, STATUS, JUMLAH_USER, CREATED, ISDELETE) VALUES (2, 'Persetujuan Pengadaan Jasa', 'User Approval 3', 3, NOW(), 0);
insert into T1_JENIS_PERSETUJUAN_PENGADAAN (JENIS_PERSETUJUAN_PENGADAAN_ID, NAMA, STATUS, JUMLAH_USER, CREATED, ISDELETE) VALUES (3, 'Persetujuan Vendor Bidang Jasa Konsultansi ', 'User Approval 5', 3, NOW(), 0); 

#Approval General
##Approval Type
DELETE FROM T1_APPROVAL_TYPE;
INSERT INTO T1_APPROVAL_TYPE (APPROVAL_TYPE_ID, NAME, CREATED, ISDELETE) VALUES (1, 'Group', '2015-11-20', 0);
INSERT INTO T1_APPROVAL_TYPE (APPROVAL_TYPE_ID, NAME, CREATED, ISDELETE) VALUES (2, 'User', '2015-11-20', 0);
INSERT INTO T1_APPROVAL_TYPE (APPROVAL_TYPE_ID, NAME, CREATED, ISDELETE) VALUES (3, 'Role', '2015-11-20', 0);
INSERT INTO SEQUENCE VALUES('T1_APPROVAL_TYPE', 4);
##Approval
DELETE FROM T2_APPROVAL;
INSERT INTO T2_APPROVAL (APPROVAL_ID, APPROVAL_TYPE_ID, NAME, CREATED, ISDELETE) VALUES (1, 1, 'Procurement Approval 01', '2015-11-20', 0);
INSERT INTO SEQUENCE VALUES('T2_APPROVAL', 4);
##Approval Level
DELETE FROM T3_APPROVAL_LEVEL;
INSERT INTO T3_APPROVAL_LEVEL (APPROVAL_LEVEL_ID, APPROVAL_ID, ORGANISASI_ID, USER_ID, ROLE_ID, SEQUENCE) VALUES (1, 1, 6, 3, 1, 1);
INSERT INTO SEQUENCE VALUES('T3_APPROVAL_LEVEL', 100);
##Start Term And Condition##
DELETE FROM T1_TERM_AND_CONDITION;
INSERT INTO T1_TERM_AND_CONDITION (TERM_AND_CONDITION_ID, CREATED, DELETED, ISDELETE, TERM_AND_CONDITION_TYPE, UPDATED, USERID, TERM_COUNT) VALUES (1, '2016-09-07 16:50:17', NULL, 0, 'Termin 1', NULL, NULL, 1);
INSERT INTO T1_TERM_AND_CONDITION (TERM_AND_CONDITION_ID, CREATED, DELETED, ISDELETE, TERM_AND_CONDITION_TYPE, UPDATED, USERID, TERM_COUNT) VALUES (2, '2016-09-07 16:50:17', NULL, 0, 'Termin 2', NULL, NULL, 2);
INSERT INTO T1_TERM_AND_CONDITION (TERM_AND_CONDITION_ID, CREATED, DELETED, ISDELETE, TERM_AND_CONDITION_TYPE, UPDATED, USERID, TERM_COUNT) VALUES (3, '2016-09-07 16:50:17', NULL, 0, 'Termin 3', NULL, NULL, 3);
INSERT INTO T1_TERM_AND_CONDITION (TERM_AND_CONDITION_ID, CREATED, DELETED, ISDELETE, TERM_AND_CONDITION_TYPE, UPDATED, USERID, TERM_COUNT) VALUES (4, '2016-09-07 16:50:17', NULL, 0, 'Termin 4', NULL, NULL, 4);
INSERT INTO T1_TERM_AND_CONDITION (TERM_AND_CONDITION_ID, CREATED, DELETED, ISDELETE, TERM_AND_CONDITION_TYPE, UPDATED, USERID, TERM_COUNT) VALUES (5, '2016-09-07 16:50:17', NULL, 0, 'Full Payment', NULL, NULL, 1);

##Start 3 Row Purchase Request##
#DELETE FROM T3_PURCHASE_REQUEST;
#INSERT INTO T3_PURCHASE_REQUEST (PURCHASE_REQUEST_ID, COST_CENTER, CREATED, DELETED, DEPARTMENT, DESCRIPTION, DATEREQUIRED, ISDELETE, NEXT_APPROVAL, POSTDATE, PR_NUMBER, PROCUREMENT_PROCESS, TOTAL_COST, UPDATED, USERID, AFCO_ID, TERM_AND_CONDITION) VALUES (1, 'IT0908501', '2016-09-07 16:50:17', NULL, 'Procurement', 'Purchase Request Barang IT', '2016-09-13 16:50:17', '0', NULL, '2016-09-07 16:50:17', 'PR-001', 'Simple Procurement', 25000000, NULL, 2, 1, 1);
#INSERT INTO T3_PURCHASE_REQUEST (PURCHASE_REQUEST_ID, COST_CENTER, CREATED, DELETED, DEPARTMENT, DESCRIPTION, DATEREQUIRED, ISDELETE, NEXT_APPROVAL, POSTDATE, PR_NUMBER, PROCUREMENT_PROCESS, TOTAL_COST, UPDATED, USERID, AFCO_ID, TERM_AND_CONDITION) VALUES (2, 'GA0908501', '2016-09-07 16:50:17', NULL, 'Procurement', 'Purchase Request Barang General Affair', '2016-09-13 16:50:17', '0', NULL, '2016-09-07 16:50:17', 'PR-002', 'Advance Procurement', 50000000, NULL, 2, 1, 2);
#INSERT INTO T3_PURCHASE_REQUEST (PURCHASE_REQUEST_ID, COST_CENTER, CREATED, DELETED, DEPARTMENT, DESCRIPTION, DATEREQUIRED, ISDELETE, NEXT_APPROVAL, POSTDATE, PR_NUMBER, PROCUREMENT_PROCESS, TOTAL_COST, UPDATED, USERID, AFCO_ID, TERM_AND_CONDITION) VALUES (3, 'HR0908501', '2016-09-07 16:50:17', NULL, 'Procurement', 'Purchase Request Barang HR', '2016-09-13 16:50:17', '0', NULL, '2016-09-07 16:50:17', 'PR-003', 'Direct Purchase', 75000000, NULL, 2, 1, 3);
INSERT INTO SEQUENCE VALUES('T3_PURCHASE_REQUEST', 100);
#Add Approval 1
#INSERT INTO T2_APPROVAL_PROCESS_TYPE (APPROVAL_PROCESS_TYPE_ID, CREATED, DELETED, ISDELETE, UPDATED, USERID, VALUE_ID, APPROVAL_ID, TAHAPAN_ID) VALUES(2, '2017-01-26 15:33:03.0', NULL, 0, NULL, 2, 1, 1, 26);
#INSERT INTO T2_APPROVAL_PROCESS (APPROVAL_PROCESS_ID, CREATED, DELETED, ISDELETE, KETERANGAN, SEQUENCE, STATUS, THRESHOLD, UPDATED, USERID, APPROVAL_LEVEL_ID, APPROVAL_PROCESS_TYPE_ID, ORGANISASI_ID, USER_ID) VALUES(2, '2017-01-26 15:33:03.0', NULL, 0, NULL, 1, 1, NULL, NULL, 2, 1, 2, 6, 3);
#Add Approval 1
#INSERT INTO T2_APPROVAL_PROCESS_TYPE (APPROVAL_PROCESS_TYPE_ID, CREATED, DELETED, ISDELETE, UPDATED, USERID, VALUE_ID, APPROVAL_ID, TAHAPAN_ID) VALUES(3, '2017-01-26 15:33:03.0', NULL, 0, NULL, 2, 2, 1, 26);
#INSERT INTO T2_APPROVAL_PROCESS(APPROVAL_PROCESS_ID, CREATED, DELETED, ISDELETE, KETERANGAN, SEQUENCE, STATUS, THRESHOLD, UPDATED, USERID, APPROVAL_LEVEL_ID, APPROVAL_PROCESS_TYPE_ID, ORGANISASI_ID, USER_ID) VALUES(3, '2017-01-26 15:33:03.0', NULL, 0, NULL, 1, 1, NULL, NULL, 2, 1, 3, 6, 3);
#Add Approval 3
#INSERT INTO T2_APPROVAL_PROCESS_TYPE(APPROVAL_PROCESS_TYPE_ID, CREATED, DELETED, ISDELETE, UPDATED, USERID, VALUE_ID, APPROVAL_ID, TAHAPAN_ID) VALUES(4, '2017-01-26 15:33:03.0', NULL, 0, NULL, 2, 3, 1, 26);
#INSERT INTO T2_APPROVAL_PROCESS(APPROVAL_PROCESS_ID, CREATED, DELETED, ISDELETE, KETERANGAN, SEQUENCE, STATUS, THRESHOLD, UPDATED, USERID, APPROVAL_LEVEL_ID, APPROVAL_PROCESS_TYPE_ID, ORGANISASI_ID, USER_ID) VALUES(4, '2017-01-26 15:33:03.0', NULL, 0, NULL, 1, 1, NULL, NULL, 2, 1, 4, 6, 3);

#Add Approval - Squence
INSERT INTO SEQUENCE VALUES('T2_APPROVAL_PROCESS_TYPE', 100);
INSERT INTO SEQUENCE VALUES('T2_APPROVAL_PROCESS', 100);
##End 3 Row Purchase Request##


##Start 3 Row Purchase Request Item From Purchase Request Id = 1##
##Only 1 Vendor##
#INSERT INTO T4_PURCHASE_REQUEST_ITEM (PURCHASE_REQUEST_ITEM_ID, COST_CENTER, CREATED, DELETED, ISDELETE, ITEM_NAME, PRICE, QUANTITY, QUANTITY_BALANCE, SPECIFICATION, STATUS, TOTAL, UNIT, UPDATED, USERID, VENDORNAME, ITEM_ID, MATA_UANG_ID, PURCHASE_REQUEST_ID, VENDOR_ID) VALUES (1, 'IT090850101', '2016-09-07 16:50:17', NULL, 0, 'POWER SUPPLY KOMPUTER MERK SIMBADA 450 Watt 2 SATA', 1000000, 10, 10, 'Mohon dengan spek yang badus', 'On Process', 10000000, 'Pcs', NULL, NULL, 'PT. Global Aksara Informatika', 1, 1, 1,1);
#INSERT INTO T4_PURCHASE_REQUEST_ITEM (PURCHASE_REQUEST_ITEM_ID, COST_CENTER, CREATED, DELETED, ISDELETE, ITEM_NAME, PRICE, QUANTITY, QUANTITY_BALANCE, SPECIFICATION, STATUS, TOTAL, UNIT, UPDATED, USERID, VENDORNAME, ITEM_ID, MATA_UANG_ID, PURCHASE_REQUEST_ID, VENDOR_ID) VALUES (2, 'IT090850101', '2016-09-07 16:50:17', NULL, 0, 'KOMPUTER, DESKTOP PC, Intel Core i-5; Board Intel Chipset; VGA RAM 1GB, HDMI Port; HD 500 GB; DDR3 4GB', 1000000, 10, 10, 'Mohon di packing yang rapih', 'On Process', 10000000, 'Pcs', NULL, NULL, 'PT. Global Aksara Informatika', 2, 1, 1,1);
#INSERT INTO T4_PURCHASE_REQUEST_ITEM (PURCHASE_REQUEST_ITEM_ID, COST_CENTER, CREATED, DELETED, ISDELETE, ITEM_NAME, PRICE, QUANTITY, QUANTITY_BALANCE, SPECIFICATION, STATUS, TOTAL, UNIT, UPDATED, USERID, VENDORNAME, ITEM_ID, MATA_UANG_ID, PURCHASE_REQUEST_ID, VENDOR_ID) VALUES (3, 'IT090850101', '2016-09-07 16:50:17', NULL, 0, 'KABEL KOMPUTER VGA 20 MTR', 500000, 10,10, 'Ini harga nya pasti lebih murah', 'On Process', 5000000, 'Pcs', NULL, NULL, 'PT. Global Aksara Informatika', 3, 1, 1,1);
##End 3 Row Purchase Request Item From Purchase Request Id = 1## 

##Start 5 Row Purchase Request Item From Purchase Request Id = 2##
##There are 2 Vendors##
#INSERT INTO T4_PURCHASE_REQUEST_ITEM (PURCHASE_REQUEST_ITEM_ID, COST_CENTER,CREATED, DELETED, ISDELETE, ITEM_NAME, PRICE, QUANTITY, QUANTITY_BALANCE, SPECIFICATION, STATUS, TOTAL, UNIT, UPDATED, USERID, VENDORNAME, ITEM_ID, MATA_UANG_ID, PURCHASE_REQUEST_ID, VENDOR_ID) VALUES (4, 'GA090850101', '2016-09-07 16:50:17', NULL, 0, 'POWER SUPPLY KOMPUTER MERK SIMBADA 450 Watt 2 SATA', 1000000, 10, 10,'Mohon dengan spek yang badus', 'On Process', 10000000, 'Pcs', NULL, NULL, 'PT. Code Beans', 1, 1, 2,2);
#INSERT INTO T4_PURCHASE_REQUEST_ITEM (PURCHASE_REQUEST_ITEM_ID, COST_CENTER,CREATED, DELETED, ISDELETE, ITEM_NAME, PRICE, QUANTITY, QUANTITY_BALANCE, SPECIFICATION, STATUS, TOTAL, UNIT, UPDATED, USERID, VENDORNAME, ITEM_ID, MATA_UANG_ID, PURCHASE_REQUEST_ID, VENDOR_ID) VALUES (5, 'GA090850101', '2016-09-07 16:50:17', NULL, 0, 'KOMPUTER, DESKTOP PC, Intel Core i-5; Board Intel Chipset; VGA RAM 1GB, HDMI Port; HD 500 GB; DDR3 4GB', 1000000, 10, 10,'Mohon di packing yang rapih', 'On Process', 10000000, 'Pcs', NULL, NULL, 'PT. Code Beans', 2, 1, 2,2);
#INSERT INTO T4_PURCHASE_REQUEST_ITEM (PURCHASE_REQUEST_ITEM_ID, COST_CENTER,CREATED, DELETED, ISDELETE, ITEM_NAME, PRICE, QUANTITY, QUANTITY_BALANCE, SPECIFICATION, STATUS, TOTAL, UNIT, UPDATED, USERID, VENDORNAME, ITEM_ID, MATA_UANG_ID, PURCHASE_REQUEST_ID, VENDOR_ID) VALUES (6, 'GA090850101', '2016-09-07 16:50:17', NULL, 0, 'KABEL KOMPUTER VGA 20 MTR', 1000000, 10, 10,'Ini harga nya pasti lebih murah', 'On Process', 10000000, 'Pcs', NULL, NULL, 'PT. Code Beans', 3, 1, 2,2);
#INSERT INTO T4_PURCHASE_REQUEST_ITEM (PURCHASE_REQUEST_ITEM_ID, COST_CENTER,CREATED, DELETED, ISDELETE, ITEM_NAME, PRICE, QUANTITY, QUANTITY_BALANCE, SPECIFICATION, STATUS, TOTAL, UNIT, UPDATED, USERID, VENDORNAME, ITEM_ID, MATA_UANG_ID, PURCHASE_REQUEST_ID, VENDOR_ID) VALUES (7, 'GA090850101', '2016-09-07 16:50:17', NULL, 0, 'KOMPUTER MOTHERBOARD INTEL DH55PJ INTEL CORE I3 540/550 SOCKET LGA1156 HDD SATA SEAGATE BARRACUDA 160/250 GB RAM 2048 MB (2GB) DDR3 PC-10600/10666 OPTIC DISK SAMSUNG / LG MONITOR LCD SAMSUNG SYNCMASTER B1630N / LCD LG FLATRON W1642S KEYBOARD LOGITECH', 1000000, 10, 10,'Ini harga nya pasti lebih murah', 'On Process', 10000000, 'Pcs', NULL, NULL, 'PT. Adi Nusa', 4, 1, 2,3);
#INSERT INTO T4_PURCHASE_REQUEST_ITEM (PURCHASE_REQUEST_ITEM_ID, COST_CENTER,CREATED, DELETED, ISDELETE, ITEM_NAME, PRICE, QUANTITY, QUANTITY_BALANCE, SPECIFICATION, STATUS, TOTAL, UNIT, UPDATED, USERID, VENDORNAME, ITEM_ID, MATA_UANG_ID, PURCHASE_REQUEST_ID, VENDOR_ID) VALUES (8, 'GA090850101', '2016-09-07 16:50:17', NULL, 0, 'JASA SEWA KOMPUTER + LAPTOP PERIODE JULI S/D DESEMBER 2015 RND', 1000000, 10, 10,'Ini harga nya pasti lebih murah', 'On Process', 10000000, 'Pcs', NULL, NULL, 'PT. Adi Nusa', 5, 1, 2,3);
##End 5 Row Purchase Request Item From Purchase Request Id = 2##

##Start 4 Row Purchase Request Item From Purchase Request Id = 3##
##There are 3 Vendors##
#INSERT INTO T4_PURCHASE_REQUEST_ITEM (PURCHASE_REQUEST_ITEM_ID, COST_CENTER,CREATED, DELETED, ISDELETE, ITEM_NAME, PRICE,QUANTITY, QUANTITY_BALANCE, SPECIFICATION, STATUS, TOTAL, UNIT, UPDATED, USERID, VENDORNAME, ITEM_ID, MATA_UANG_ID, PURCHASE_REQUEST_ID) VALUES (9, 'HR090850101', '2016-09-07 16:50:17', NULL, 0, 'POWER SUPPLY KOMPUTER MERK SIMBADA 450 Watt 2 SATA', 1500000, 10,10, 'Mohon dengan spek yang badus', 'On Process', 15000000, 'Pcs', NULL, NULL, 'PT. Global Aksara Informatika', 1, 1, 3);
#INSERT INTO T4_PURCHASE_REQUEST_ITEM (PURCHASE_REQUEST_ITEM_ID, COST_CENTER,CREATED, DELETED, ISDELETE, ITEM_NAME, PRICE,QUANTITY, QUANTITY_BALANCE, SPECIFICATION, STATUS, TOTAL, UNIT, UPDATED, USERID, VENDORNAME, ITEM_ID, MATA_UANG_ID, PURCHASE_REQUEST_ID) VALUES (10, 'HR090850101', '2016-09-07 16:50:17', NULL, 0, 'KOMPUTER, DESKTOP PC, Intel Core i-5; Board Intel Chipset; VGA RAM 1GB, HDMI Port; HD 500 GB; DDR3 4GB', 1000000, 10,10, 'Mohon di packing yang rapih', 'On Process', 10000000, 'Pcs', NULL, NULL, 'PT. Code Beans', 2, 1, 3);
#INSERT INTO T4_PURCHASE_REQUEST_ITEM (PURCHASE_REQUEST_ITEM_ID, COST_CENTER,CREATED, DELETED, ISDELETE, ITEM_NAME, PRICE,QUANTITY, QUANTITY_BALANCE, SPECIFICATION, STATUS, TOTAL, UNIT, UPDATED, USERID, VENDORNAME, ITEM_ID, MATA_UANG_ID, PURCHASE_REQUEST_ID) VALUES (11, 'HR090850101', '2016-09-07 16:50:17', NULL, 0, 'KABEL KOMPUTER VGA 20 MTR', 2500000, 10, 10,'Ini harga nya pasti lebih murah', 'On Process', 25000000, 'Pcs', NULL, NULL, 'PT. Adi Nusa', 3, 1, 3);
#INSERT INTO T4_PURCHASE_REQUEST_ITEM (PURCHASE_REQUEST_ITEM_ID, COST_CENTER,CREATED, DELETED, ISDELETE, ITEM_NAME, PRICE,QUANTITY, QUANTITY_BALANCE, SPECIFICATION, STATUS, TOTAL, UNIT, UPDATED, USERID, VENDORNAME, ITEM_ID, MATA_UANG_ID, PURCHASE_REQUEST_ID) VALUES (12, 'HR090850101', '2016-09-07 16:50:17', NULL, 0, 'KOMPUTER MOTHERBOARD INTEL DH55PJ INTEL CORE I3 540/550 SOCKET LGA1156 HDD SATA SEAGATE BARRACUDA 160/250 GB RAM 2048 MB (2GB) DDR3 PC-10600/10666 OPTIC DISK SAMSUNG / LG MONITOR LCD SAMSUNG SYNCMASTER B1630N / LCD LG FLATRON W1642S KEYBOARD LOGITECH', 2500000, 10, 10, 'Ini harga nya pasti lebih murah', 'On Process', 25000000, 'Pcs', NULL, NULL, 'PT. Code Beans', 4, 1,3);
INSERT INTO SEQUENCE VALUES('T4_PURCHASE_REQUEST_ITEM', 100);
##End 4 Row Purchase Request Item From Purchase Request Id = 3##


##Start 3 Row Purchase Order##
	##Start DR ke1##
#INSERT INTO T3_PURCHASE_ORDER (PURCHASE_ORDER_ID,CREATE_DATE, CREATED, DELETED, DEPARTMENT, DISCOUNT, DOWN_PAYMENT, ISDELETE, NOTES, PO_NUMBER, PURCHASE_ORDER_DATE, STATUS, TAX, TOTAL_COST, UPDATED, USERID, ADDRESS_BOOK_ID, PENGADAAN_ID, PURCHASE_REQUEST_ID, TERM_AND_CONDITION_ID) VALUES (1, '2016-09-07 16:50:17', '2016-09-07 16:50:17', NULL, 'IT', 0, 0, 0, 'Yang Oke ya', 'PO-001', '2016-09-07 16:50:17', 'On Process', 0,  15000000, NULL, NULL, 1, NULL, 1, 1);
#INSERT INTO T3_PURCHASE_ORDER (PURCHASE_ORDER_ID,CREATE_DATE, CREATED, DELETED, DEPARTMENT, DISCOUNT, DOWN_PAYMENT, ISDELETE, NOTES, PO_NUMBER, PURCHASE_ORDER_DATE, STATUS, TAX, TOTAL_COST, UPDATED, USERID, ADDRESS_BOOK_ID, PENGADAAN_ID, PURCHASE_REQUEST_ID, TERM_AND_CONDITION_ID) VALUES (2, '2016-09-07 16:50:17', '2016-09-07 16:50:17', NULL, 'General Affair', 0, 0, 0, 'Yang Oke ya', 'PO-002', '2016-09-07 16:50:17', 'On Process', 0,  14000000, NULL, NULL, 2, NULL, 2, 2);
#INSERT INTO T3_PURCHASE_ORDER (PURCHASE_ORDER_ID,CREATE_DATE, CREATED, DELETED, DEPARTMENT, DISCOUNT, DOWN_PAYMENT, ISDELETE, NOTES, PO_NUMBER, PURCHASE_ORDER_DATE, STATUS, TAX, TOTAL_COST, UPDATED, USERID, ADDRESS_BOOK_ID, PENGADAAN_ID, PURCHASE_REQUEST_ID, TERM_AND_CONDITION_ID) VALUES (3, '2016-09-07 16:50:17', '2016-09-07 16:50:17', NULL, 'General Affair', 0, 0, 0, 'Yang Oke ya', 'PO-003', '2016-09-07 16:50:17', 'On Process', 0,  19000000, NULL, NULL, 2, NULL, 2, 2);

#INSERT INTO T3_PURCHASE_ORDER (PURCHASE_ORDER_ID,CREATE_DATE, CREATED, DELETED, DEPARTMENT, DISCOUNT, DOWN_PAYMENT, ISDELETE, NOTES, PO_NUMBER, PURCHASE_ORDER_DATE, STATUS, TAX, TOTAL_COST, UPDATED, USERID, ADDRESS_BOOK_ID, PENGADAAN_ID, PURCHASE_REQUEST_ID, TERM_AND_CONDITION_ID) VALUES (4, '2016-09-07 16:50:17', '2016-09-07 16:50:17', NULL, 'Human Resourch', 0, 0, 0, 'Yang Oke ya', 'PO-004', '2016-09-07 16:50:17', 'On Process', 0,  6000000, NULL, NULL, 3, NULL, 3, 3);
#INSERT INTO T3_PURCHASE_ORDER (PURCHASE_ORDER_ID,CREATE_DATE, CREATED, DELETED, DEPARTMENT, DISCOUNT, DOWN_PAYMENT, ISDELETE, NOTES, PO_NUMBER, PURCHASE_ORDER_DATE, STATUS, TAX, TOTAL_COST, UPDATED, USERID, ADDRESS_BOOK_ID, PENGADAAN_ID, PURCHASE_REQUEST_ID, TERM_AND_CONDITION_ID) VALUES (5, '2016-09-07 16:50:17', '2016-09-07 16:50:17', NULL, 'Human Resourch', 0, 0, 0, 'Yang Oke ya', 'PO-005', '2016-09-07 16:50:17', 'On Process', 0,  10000000, NULL, NULL, 3, NULL, 3, 3);
#INSERT INTO T3_PURCHASE_ORDER (PURCHASE_ORDER_ID,CREATE_DATE, CREATED, DELETED, DEPARTMENT, DISCOUNT, DOWN_PAYMENT, ISDELETE, NOTES, PO_NUMBER, PURCHASE_ORDER_DATE, STATUS, TAX, TOTAL_COST, UPDATED, USERID, ADDRESS_BOOK_ID, PENGADAAN_ID, PURCHASE_REQUEST_ID, TERM_AND_CONDITION_ID) VALUES (6, '2016-09-07 16:50:17', '2016-09-07 16:50:17', NULL, 'Human Resourch', 0, 0, 0, 'Yang Oke ya', 'PO-006', '2016-09-07 16:50:17', 'On Process', 0,  15000000, NULL, NULL, 3, NULL, 3, 3);
	##End DR ke1##
	##Start DR ke2##
#INSERT INTO T3_PURCHASE_ORDER (PURCHASE_ORDER_ID,CREATE_DATE, CREATED, DELETED, DEPARTMENT, DISCOUNT, DOWN_PAYMENT, ISDELETE, NOTES, PO_NUMBER, PURCHASE_ORDER_DATE, STATUS, TAX, TOTAL_COST, UPDATED, USERID, ADDRESS_BOOK_ID, PENGADAAN_ID, PURCHASE_REQUEST_ID, TERM_AND_CONDITION_ID) VALUES (7, '2016-09-07 16:50:17', '2016-09-07 16:50:17', NULL, 'IT', 0, 0, 0, 'Yang Oke ya', 'PO-007', '2016-09-07 16:50:17', 'On Process', 0,  10000000, NULL, NULL, 1, NULL, 1, 1);
#INSERT INTO T3_PURCHASE_ORDER (PURCHASE_ORDER_ID,CREATE_DATE, CREATED, DELETED, DEPARTMENT, DISCOUNT, DOWN_PAYMENT, ISDELETE, NOTES, PO_NUMBER, PURCHASE_ORDER_DATE, STATUS, TAX, TOTAL_COST, UPDATED, USERID, ADDRESS_BOOK_ID, PENGADAAN_ID, PURCHASE_REQUEST_ID, TERM_AND_CONDITION_ID) VALUES (8, '2016-09-07 16:50:17', '2016-09-07 16:50:17', NULL, 'General Affair', 0, 0, 0, 'Yang Oke ya', 'PO-008', '2016-09-07 16:50:17', 'On Process', 0,  16000000, NULL, NULL, 2, NULL, 2, 2);
#INSERT INTO T3_PURCHASE_ORDER (PURCHASE_ORDER_ID,CREATE_DATE, CREATED, DELETED, DEPARTMENT, DISCOUNT, DOWN_PAYMENT, ISDELETE, NOTES, PO_NUMBER, PURCHASE_ORDER_DATE, STATUS, TAX, TOTAL_COST, UPDATED, USERID, ADDRESS_BOOK_ID, PENGADAAN_ID, PURCHASE_REQUEST_ID, TERM_AND_CONDITION_ID) VALUES (9, '2016-09-07 16:50:17', '2016-09-07 16:50:17', NULL, 'General Affair', 0, 0, 0, 'Yang Oke ya', 'PO-009', '2016-09-07 16:50:17', 'On Process', 0,  1000000, NULL, NULL, 2, NULL, 2, 2);

#INSERT INTO T3_PURCHASE_ORDER (PURCHASE_ORDER_ID,CREATE_DATE, CREATED, DELETED, DEPARTMENT, DISCOUNT, DOWN_PAYMENT, ISDELETE, NOTES, PO_NUMBER, PURCHASE_ORDER_DATE, STATUS, TAX, TOTAL_COST, UPDATED, USERID, ADDRESS_BOOK_ID, PENGADAAN_ID, PURCHASE_REQUEST_ID, TERM_AND_CONDITION_ID) VALUES (10, '2016-09-07 16:50:17', '2016-09-07 16:50:17', NULL, 'Human Resourch', 0, 0, 0, 'Yang Oke ya', 'PO-010', '2016-09-07 16:50:17', 'On Process', 0,  9000000, NULL, NULL, 3, NULL, 3, 3);
#INSERT INTO T3_PURCHASE_ORDER (PURCHASE_ORDER_ID,CREATE_DATE, CREATED, DELETED, DEPARTMENT, DISCOUNT, DOWN_PAYMENT, ISDELETE, NOTES, PO_NUMBER, PURCHASE_ORDER_DATE, STATUS, TAX, TOTAL_COST, UPDATED, USERID, ADDRESS_BOOK_ID, PENGADAAN_ID, PURCHASE_REQUEST_ID, TERM_AND_CONDITION_ID) VALUES (11, '2016-09-07 16:50:17', '2016-09-07 16:50:17', NULL, 'Human Resourch', 0, 0, 0, 'Yang Oke ya', 'PO-011', '2016-09-07 16:50:17', 'On Process', 0,  25000000, NULL, NULL, 3, NULL, 3, 3);
#INSERT INTO T3_PURCHASE_ORDER (PURCHASE_ORDER_ID,CREATE_DATE, CREATED, DELETED, DEPARTMENT, DISCOUNT, DOWN_PAYMENT, ISDELETE, NOTES, PO_NUMBER, PURCHASE_ORDER_DATE, STATUS, TAX, TOTAL_COST, UPDATED, USERID, ADDRESS_BOOK_ID, PENGADAAN_ID, PURCHASE_REQUEST_ID, TERM_AND_CONDITION_ID) VALUES (12, '2016-09-07 16:50:17', '2016-09-07 16:50:17', NULL, 'Human Resourch', 0, 0, 0, 'Yang Oke ya', 'PO-012', '2016-09-07 16:50:17', 'On Process', 0,  10000000, NULL, NULL, 3, NULL, 3, 3);
	##End DR ke2##
##End 3 Row Purchase Request##
INSERT INTO SEQUENCE VALUES('T3_PURCHASE_ORDER', 100);

########Start DR Ke1########
##Start 3 Row Purchase Order Item From purchaseOrderId = 1##
#INSERT INTO T4_PURCHASE_ORDER_ITEM (PURCHASE_ORDER_ITEM_ID, CREATED, DELETED, DELIVERY_TIME, ISDELETE, ITEM_NAME, QUANTITY_PURCHASE_REQUEST, QUANTITY_SEND, STATUS, TOTAL_UNIT_PRICES, UNIT_PRICE, UPDATED, USERID, VENDOR_NAME, ITEM_ID, PURCHASE_ORDER_ID, VENDOR_ID) VALUES (1, '2016-09-07 16:50:17', NULL, '2016-09-12 16:50:17', 0, 'POWER SUPPLY KOMPUTER MERK SIMBADA 450 Watt 2 SATA', 10, 5, 'On Process', 5000000, 1000000, NULL, NULL, 'PT. Global Aksara Informatika', 1, 1, 1);
#INSERT INTO T4_PURCHASE_ORDER_ITEM (PURCHASE_ORDER_ITEM_ID, CREATED, DELETED, DELIVERY_TIME, ISDELETE, ITEM_NAME, QUANTITY_PURCHASE_REQUEST, QUANTITY_SEND, STATUS, TOTAL_UNIT_PRICES, UNIT_PRICE, UPDATED, USERID, VENDOR_NAME, ITEM_ID, PURCHASE_ORDER_ID, VENDOR_ID) VALUES (2, '2016-09-07 16:50:17', NULL, '2016-09-12 16:50:17', 0, 'KOMPUTER, DESKTOP PC, Intel Core i-5; Board Intel Chipset; VGA RAM 1GB, HDMI Port; HD 500 GB; DDR3 4GB', 10, 6, 'On Process', 6000000, 1000000, NULL, NULL, 'PT. Global Aksara Informatika', 2, 1, 1);
#INSERT INTO T4_PURCHASE_ORDER_ITEM (PURCHASE_ORDER_ITEM_ID, CREATED, DELETED, DELIVERY_TIME, ISDELETE, ITEM_NAME, QUANTITY_PURCHASE_REQUEST, QUANTITY_SEND, STATUS, TOTAL_UNIT_PRICES, UNIT_PRICE, UPDATED, USERID, VENDOR_NAME, ITEM_ID, PURCHASE_ORDER_ID, VENDOR_ID) VALUES (3, '2016-09-07 16:50:17', NULL, '2016-09-12 16:50:17', 0, 'KABEL KOMPUTER VGA 20 MTR', 10, 4, 'On Process', 4000000, 1000000, NULL, NULL, 'PT. Global Aksara Informatika', 3, 1, 1);
##End 3 Row Purchase Order Item From purchaseOrderId = 1##

##Start 3 Row Purchase Order Item From purchaseOrderId = 2##
#INSERT INTO T4_PURCHASE_ORDER_ITEM (PURCHASE_ORDER_ITEM_ID, CREATED, DELETED, DELIVERY_TIME, ISDELETE, ITEM_NAME, QUANTITY_PURCHASE_REQUEST, QUANTITY_SEND, STATUS, TOTAL_UNIT_PRICES, UNIT_PRICE, UPDATED, USERID, VENDOR_NAME, ITEM_ID, PURCHASE_ORDER_ID, VENDOR_ID) VALUES (4, '2016-09-07 16:50:17', NULL, '2016-09-12 16:50:17', 0, 'POWER SUPPLY KOMPUTER MERK SIMBADA 450 Watt 2 SATA', 10, 2, 'On Process', 2000000, 1000000, NULL, NULL, 'PT. Code Beans', 1, 2, 2);
#INSERT INTO T4_PURCHASE_ORDER_ITEM (PURCHASE_ORDER_ITEM_ID, CREATED, DELETED, DELIVERY_TIME, ISDELETE, ITEM_NAME, QUANTITY_PURCHASE_REQUEST, QUANTITY_SEND, STATUS, TOTAL_UNIT_PRICES, UNIT_PRICE, UPDATED, USERID, VENDOR_NAME, ITEM_ID, PURCHASE_ORDER_ID, VENDOR_ID) VALUES (5, '2016-09-07 16:50:17', NULL, '2016-09-12 16:50:17', 0, 'KOMPUTER, DESKTOP PC, Intel Core i-5; Board Intel Chipset; VGA RAM 1GB, HDMI Port; HD 500 GB; DDR3 4GB', 10, 5, 'On Process', 5000000, 1000000, NULL, NULL, 'PT. Code Beans', 2, 2, 2);
#INSERT INTO T4_PURCHASE_ORDER_ITEM (PURCHASE_ORDER_ITEM_ID, CREATED, DELETED, DELIVERY_TIME, ISDELETE, ITEM_NAME, QUANTITY_PURCHASE_REQUEST, QUANTITY_SEND, STATUS, TOTAL_UNIT_PRICES, UNIT_PRICE, UPDATED, USERID, VENDOR_NAME, ITEM_ID, PURCHASE_ORDER_ID, VENDOR_ID) VALUES (6, '2016-09-07 16:50:17', NULL, '2016-09-12 16:50:17', 0, 'KABEL KOMPUTER VGA 20 MTR', 10, 7, 'On Process', 7000000, 1000000, NULL, NULL, 'PT. Code Beans', 3, 2, 2);
##End 3 Row Purchase Order Item From purchaseOrderId = 2##

##Start 2 Row Purchase Order Item From purchaseOrderId = 3##
#INSERT INTO T4_PURCHASE_ORDER_ITEM (PURCHASE_ORDER_ITEM_ID, CREATED, DELETED, DELIVERY_TIME, ISDELETE, ITEM_NAME, QUANTITY_PURCHASE_REQUEST, QUANTITY_SEND, STATUS, TOTAL_UNIT_PRICES, UNIT_PRICE, UPDATED, USERID, VENDOR_NAME, ITEM_ID, PURCHASE_ORDER_ID, VENDOR_ID) VALUES (7, '2016-09-07 16:50:17', NULL, '2016-09-12 16:50:17', 0, 'KOMPUTER MOTHERBOARD INTEL DH55PJ INTEL CORE I3 540/550 SOCKET LGA1156 HDD SATA SEAGATE BARRACUDA 160/250 GB RAM 2048 MB (2GB) DDR3 PC-10600/10666 OPTIC DISK SAMSUNG / LG MONITOR LCD SAMSUNG SYNCMASTER B1630N / LCD LG FLATRON W1642S KEYBOARD LOGITECH', 10, 9, 'On Process', 9000000, 1000000, NULL, NULL, 'PT. Adi Nusa', 4, 3, 3);
#INSERT INTO T4_PURCHASE_ORDER_ITEM (PURCHASE_ORDER_ITEM_ID, CREATED, DELETED, DELIVERY_TIME, ISDELETE, ITEM_NAME, QUANTITY_PURCHASE_REQUEST, QUANTITY_SEND, STATUS, TOTAL_UNIT_PRICES, UNIT_PRICE, UPDATED, USERID, VENDOR_NAME, ITEM_ID, PURCHASE_ORDER_ID, VENDOR_ID) VALUES (8, '2016-09-07 16:50:17', NULL, '2016-09-12 16:50:17', 0, 'JASA SEWA KOMPUTER + LAPTOP PERIODE JULI S/D DESEMBER 2015 RND', 10, 10, 'On Process',10000000, 1000000, NULL, NULL, 'PT. Adi Nusa', 5, 3, 3);
##End 2 Row Purchase Order Item From purchaseOrderId = 3##


##Start 1 Row Purchase Order Item From purchaseOrderId = 4##
#INSERT INTO T4_PURCHASE_ORDER_ITEM (PURCHASE_ORDER_ITEM_ID, CREATED, DELETED, DELIVERY_TIME, ISDELETE, ITEM_NAME, QUANTITY_PURCHASE_REQUEST, QUANTITY_SEND, STATUS, TOTAL_UNIT_PRICES, UNIT_PRICE, UPDATED, USERID, VENDOR_NAME, ITEM_ID, PURCHASE_ORDER_ID, VENDOR_ID) VALUES (9, '2016-09-07 16:50:17', NULL, '2016-09-12 16:50:17', 0, 'POWER SUPPLY KOMPUTER MERK SIMBADA 450 Watt 2 SATA', 10, 4, 'On Process', 6000000, 1500000, NULL, NULL, 'PT. Code Beans', 1, 4, 1);
##End 1 Row Purchase Order Item From purchaseOrderId = 4##

##Start 2 Row Purchase Order Item From purchaseOrderId = 5##
#INSERT INTO T4_PURCHASE_ORDER_ITEM (PURCHASE_ORDER_ITEM_ID, CREATED, DELETED, DELIVERY_TIME, ISDELETE, ITEM_NAME, QUANTITY_PURCHASE_REQUEST, QUANTITY_SEND, STATUS, TOTAL_UNIT_PRICES, UNIT_PRICE, UPDATED, USERID, VENDOR_NAME, ITEM_ID, PURCHASE_ORDER_ID, VENDOR_ID) VALUES (10, '2016-09-07 16:50:17', NULL, '2016-09-12 16:50:17', 0, 'KOMPUTER, DESKTOP PC, Intel Core i-5; Board Intel Chipset; VGA RAM 1GB, HDMI Port; HD 500 GB; DDR3 4GB', 10, 5, 'On Process', 5000000, 1000000, NULL, NULL, 'PT. Code Beans', 2, 5, 2);
#INSERT INTO T4_PURCHASE_ORDER_ITEM (PURCHASE_ORDER_ITEM_ID, CREATED, DELETED, DELIVERY_TIME, ISDELETE, ITEM_NAME, QUANTITY_PURCHASE_REQUEST, QUANTITY_SEND, STATUS, TOTAL_UNIT_PRICES, UNIT_PRICE, UPDATED, USERID, VENDOR_NAME, ITEM_ID, PURCHASE_ORDER_ID, VENDOR_ID) VALUES (11, '2016-09-07 16:50:17', NULL, '2016-09-12 16:50:17', 0, 'KOMPUTER MOTHERBOARD INTEL DH55PJ INTEL CORE I3 540/550 SOCKET LGA1156 HDD SATA SEAGATE BARRACUDA 160/250 GB RAM 2048 MB (2GB) DDR3 PC-10600/10666 OPTIC DISK SAMSUNG / LG MONITOR LCD SAMSUNG SYNCMASTER B1630N / LCD LG FLATRON W1642S KEYBOARD LOGITECH', 10, 2, 'On Process',5000000, 2500000, NULL, NULL, 'PT. Code Beans', 3, 5, 2);
##Start 2 Row Purchase Order Item From purchaseOrderId = 5##

##Start 1 Row Purchase Order Item From purchaseOrderId = 6##
#INSERT INTO T4_PURCHASE_ORDER_ITEM (PURCHASE_ORDER_ITEM_ID, CREATED, DELETED, DELIVERY_TIME, ISDELETE, ITEM_NAME, QUANTITY_PURCHASE_REQUEST, QUANTITY_SEND, STATUS, TOTAL_UNIT_PRICES, UNIT_PRICE, UPDATED, USERID, VENDOR_NAME, ITEM_ID, PURCHASE_ORDER_ID, VENDOR_ID) VALUES (12, '2016-09-07 16:50:17', NULL, '2016-09-12 16:50:17', 0, 'KABEL KOMPUTER VGA 20 MTR', 10, 6, 'On Process', 15000000, 2500000, NULL, NULL, 'PT. Adi Nusa', 4, 6, 3);
##End 1 Row Purchase Order Item From purchaseOrderId = 6##
########End DR Ke1########

########Start DR Ke2########
##Start 3 Row Purchase Order Item From purchaseOrderId = 7##
#INSERT INTO T4_PURCHASE_ORDER_ITEM (PURCHASE_ORDER_ITEM_ID, CREATED, DELETED, DELIVERY_TIME, ISDELETE, ITEM_NAME, QUANTITY_PURCHASE_REQUEST, QUANTITY_SEND, STATUS, TOTAL_UNIT_PRICES, UNIT_PRICE, UPDATED, USERID, VENDOR_NAME, ITEM_ID, PURCHASE_ORDER_ID, VENDOR_ID) VALUES (13, '2016-09-07 16:50:17', NULL, '2016-09-12 16:50:17', 0, 'POWER SUPPLY KOMPUTER MERK SIMBADA 450 Watt 2 SATA', 10, 5, 'On Process', 5000000, 1000000, NULL, NULL, 'PT. Global Aksara Informatika', 1, 7, 1);
#INSERT INTO T4_PURCHASE_ORDER_ITEM (PURCHASE_ORDER_ITEM_ID, CREATED, DELETED, DELIVERY_TIME, ISDELETE, ITEM_NAME, QUANTITY_PURCHASE_REQUEST, QUANTITY_SEND, STATUS, TOTAL_UNIT_PRICES, UNIT_PRICE, UPDATED, USERID, VENDOR_NAME, ITEM_ID, PURCHASE_ORDER_ID, VENDOR_ID) VALUES (14, '2016-09-07 16:50:17', NULL, '2016-09-12 16:50:17', 0, 'KOMPUTER, DESKTOP PC, Intel Core i-5; Board Intel Chipset; VGA RAM 1GB, HDMI Port; HD 500 GB; DDR3 4GB', 10, 4, 'On Process', 4000000, 1000000, NULL, NULL, 'PT. Global Aksara Informatika', 2, 7, 1);
#INSERT INTO T4_PURCHASE_ORDER_ITEM (PURCHASE_ORDER_ITEM_ID, CREATED, DELETED, DELIVERY_TIME, ISDELETE, ITEM_NAME, QUANTITY_PURCHASE_REQUEST, QUANTITY_SEND, STATUS, TOTAL_UNIT_PRICES, UNIT_PRICE, UPDATED, USERID, VENDOR_NAME, ITEM_ID, PURCHASE_ORDER_ID, VENDOR_ID) VALUES (15, '2016-09-07 16:50:17', NULL, '2016-09-12 16:50:17', 0, 'KABEL KOMPUTER VGA 20 MTR', 10, 6, 'On Process', 6000000, 1000000, NULL, NULL, 'PT. Global Aksara Informatika', 3, 7, 1);
##End 3 Row Purchase Order Item From purchaseOrderId = 7##

##Start 3 Row Purchase Order Item From purchaseOrderId = 8##
#INSERT INTO T4_PURCHASE_ORDER_ITEM (PURCHASE_ORDER_ITEM_ID, CREATED, DELETED, DELIVERY_TIME, ISDELETE, ITEM_NAME, QUANTITY_PURCHASE_REQUEST, QUANTITY_SEND, STATUS, TOTAL_UNIT_PRICES, UNIT_PRICE, UPDATED, USERID, VENDOR_NAME, ITEM_ID, PURCHASE_ORDER_ID, VENDOR_ID) VALUES (16, '2016-09-07 16:50:17', NULL, '2016-09-12 16:50:17', 0, 'POWER SUPPLY KOMPUTER MERK SIMBADA 450 Watt 2 SATA', 10, 8, 'On Process', 8000000, 1000000, NULL, NULL, 'PT. Code Beans', 1, 8, 2);
#INSERT INTO T4_PURCHASE_ORDER_ITEM (PURCHASE_ORDER_ITEM_ID, CREATED, DELETED, DELIVERY_TIME, ISDELETE, ITEM_NAME, QUANTITY_PURCHASE_REQUEST, QUANTITY_SEND, STATUS, TOTAL_UNIT_PRICES, UNIT_PRICE, UPDATED, USERID, VENDOR_NAME, ITEM_ID, PURCHASE_ORDER_ID, VENDOR_ID) VALUES (17, '2016-09-07 16:50:17', NULL, '2016-09-12 16:50:17', 0, 'KOMPUTER, DESKTOP PC, Intel Core i-5; Board Intel Chipset; VGA RAM 1GB, HDMI Port; HD 500 GB; DDR3 4GB', 10, 5, 'On Process', 5000000, 1000000, NULL, NULL, 'PT. Code Beans', 2, 8, 2);
#INSERT INTO T4_PURCHASE_ORDER_ITEM (PURCHASE_ORDER_ITEM_ID, CREATED, DELETED, DELIVERY_TIME, ISDELETE, ITEM_NAME, QUANTITY_PURCHASE_REQUEST, QUANTITY_SEND, STATUS, TOTAL_UNIT_PRICES, UNIT_PRICE, UPDATED, USERID, VENDOR_NAME, ITEM_ID, PURCHASE_ORDER_ID, VENDOR_ID) VALUES (18, '2016-09-07 16:50:17', NULL, '2016-09-12 16:50:17', 0, 'KABEL KOMPUTER VGA 20 MTR', 10, 3, 'On Process', 3000000, 1000000, NULL, NULL, 'PT. Code Beans', 3, 8, 2);
##End 3 Row Purchase Order Item From purchaseOrderId = 8##

##Start 2 Row Purchase Order Item From purchaseOrderId = 9##
#INSERT INTO T4_PURCHASE_ORDER_ITEM (PURCHASE_ORDER_ITEM_ID, CREATED, DELETED, DELIVERY_TIME, ISDELETE, ITEM_NAME, QUANTITY_PURCHASE_REQUEST, QUANTITY_SEND, STATUS, TOTAL_UNIT_PRICES, UNIT_PRICE, UPDATED, USERID, VENDOR_NAME, ITEM_ID, PURCHASE_ORDER_ID, VENDOR_ID) VALUES (19, '2016-09-07 16:50:17', NULL, '2016-09-12 16:50:17', 0, 'KOMPUTER MOTHERBOARD INTEL DH55PJ INTEL CORE I3 540/550 SOCKET LGA1156 HDD SATA SEAGATE BARRACUDA 160/250 GB RAM 2048 MB (2GB) DDR3 PC-10600/10666 OPTIC DISK SAMSUNG / LG MONITOR LCD SAMSUNG SYNCMASTER B1630N / LCD LG FLATRON W1642S KEYBOARD LOGITECH', 10, 1, 'On Process', 1000000, 1000000, NULL, NULL, 'PT. Adi Nusa', 4, 9, 3);
##End 2 Row Purchase Order Item From purchaseOrderId = 9##

##Start 1 Row Purchase Order Item From purchaseOrderId = 10##
#INSERT INTO T4_PURCHASE_ORDER_ITEM (PURCHASE_ORDER_ITEM_ID, CREATED, DELETED, DELIVERY_TIME, ISDELETE, ITEM_NAME, QUANTITY_PURCHASE_REQUEST, QUANTITY_SEND, STATUS, TOTAL_UNIT_PRICES, UNIT_PRICE, UPDATED, USERID, VENDOR_NAME, ITEM_ID, PURCHASE_ORDER_ID, VENDOR_ID) VALUES (21, '2016-09-07 16:50:17', NULL, '2016-09-12 16:50:17', 0, 'POWER SUPPLY KOMPUTER MERK SIMBADA 450 Watt 2 SATA', 10, 6, 'On Process', 9000000, 1500000, NULL, NULL, 'PT. Code Beans', 1, 10, 1);
##End 1 Row Purchase Order Item From purchaseOrderId = 10##

##Start 2 Row Purchase Order Item From purchaseOrderId = 11##
#INSERT INTO T4_PURCHASE_ORDER_ITEM (PURCHASE_ORDER_ITEM_ID, CREATED, DELETED, DELIVERY_TIME, ISDELETE, ITEM_NAME, QUANTITY_PURCHASE_REQUEST, QUANTITY_SEND, STATUS, TOTAL_UNIT_PRICES, UNIT_PRICE, UPDATED, USERID, VENDOR_NAME, ITEM_ID, PURCHASE_ORDER_ID, VENDOR_ID) VALUES (22, '2016-09-07 16:50:17', NULL, '2016-09-12 16:50:17', 0, 'KOMPUTER, DESKTOP PC, Intel Core i-5; Board Intel Chipset; VGA RAM 1GB, HDMI Port; HD 500 GB; DDR3 4GB', 10, 5, 'On Process', 5000000, 1000000, NULL, NULL, 'PT. Code Beans', 2, 11, 2);
#INSERT INTO T4_PURCHASE_ORDER_ITEM (PURCHASE_ORDER_ITEM_ID, CREATED, DELETED, DELIVERY_TIME, ISDELETE, ITEM_NAME, QUANTITY_PURCHASE_REQUEST, QUANTITY_SEND, STATUS, TOTAL_UNIT_PRICES, UNIT_PRICE, UPDATED, USERID, VENDOR_NAME, ITEM_ID, PURCHASE_ORDER_ID, VENDOR_ID) VALUES (23, '2016-09-07 16:50:17', NULL, '2016-09-12 16:50:17', 0, 'KOMPUTER MOTHERBOARD INTEL DH55PJ INTEL CORE I3 540/550 SOCKET LGA1156 HDD SATA SEAGATE BARRACUDA 160/250 GB RAM 2048 MB (2GB) DDR3 PC-10600/10666 OPTIC DISK SAMSUNG / LG MONITOR LCD SAMSUNG SYNCMASTER B1630N / LCD LG FLATRON W1642S KEYBOARD LOGITECH', 10, 8, 'On Process', 20000000, 2500000, NULL, NULL, 'PT. Code Beans', 3, 11, 2);
##Start 2 Row Purchase Order Item From purchaseOrderId = 11##

##Start 1 Row Purchase Order Item From purchaseOrderId = 12##
#INSERT INTO T4_PURCHASE_ORDER_ITEM (PURCHASE_ORDER_ITEM_ID, CREATED, DELETED, DELIVERY_TIME, ISDELETE, ITEM_NAME, QUANTITY_PURCHASE_REQUEST, QUANTITY_SEND, STATUS, TOTAL_UNIT_PRICES, UNIT_PRICE, UPDATED, USERID, VENDOR_NAME, ITEM_ID, PURCHASE_ORDER_ID, VENDOR_ID) VALUES (24, '2016-09-07 16:50:17', NULL, '2016-09-12 16:50:17', 0, 'KABEL KOMPUTER VGA 20 MTR', 10, 4, 'On Process', 10000000, 2500000, NULL, NULL, 'PT. Adi Nusa', 4, 12, 3);
##End 1 Row Purchase Order Item From purchaseOrderId = 12##
########End DR Ke2########
INSERT INTO SEQUENCE VALUES('T4_PURCHASE_ORDER_ITEM', 100);

# E-Catalog Master
# Input Type
INSERT INTO T1_INPUT_TYPE (INPUT_TYPE_ID, DESCRIPTION, ISDELETE, NAME) VALUES (1, 'Checkbox', 0, 'Checkbox');
INSERT INTO T1_INPUT_TYPE (INPUT_TYPE_ID, DESCRIPTION, ISDELETE, NAME) VALUES (2, 'Radio', 0, 'Radio');
INSERT INTO T1_INPUT_TYPE (INPUT_TYPE_ID, DESCRIPTION, ISDELETE, NAME) VALUES (3, 'Selectbox', 0, 'Selectbox');
INSERT INTO T1_INPUT_TYPE (INPUT_TYPE_ID, DESCRIPTION, ISDELETE, NAME) VALUES (4, 'Textarea', 0, 'Textarea');
INSERT INTO T1_INPUT_TYPE (INPUT_TYPE_ID, DESCRIPTION, ISDELETE, NAME) VALUES (5, 'Textfield', 0, 'Text');
INSERT INTO T1_INPUT_TYPE (INPUT_TYPE_ID, DESCRIPTION, ISDELETE, NAME) VALUES (6, 'Date', 0, 'Date');
INSERT INTO T1_INPUT_TYPE (INPUT_TYPE_ID, DESCRIPTION, ISDELETE, NAME) VALUES (7, 'Number', 0, 'Number');
INSERT INTO SEQUENCE VALUES('T1_INPUT_TYPE', 8);
#Attribute
INSERT INTO T1_ATTRIBUTE(ATTRIBUTE_ID,CONFIGURABLE_FIELD,FLAG_ENABLED,ISDELETE,NAME,REQUIRED_FIELD,SEARCHABLE_FIELD,SORTABLE_FIELD,TRANSLATE_ENG,TRANSLATE_IND,UNIQUE_FIELD,INPUT_TYPE_ID) VALUES(8,1,1,0,"Label Checkbox",1,1,1,"Label Checkbox ENG","Label Checkbox IND",1,1);
INSERT INTO T1_ATTRIBUTE(ATTRIBUTE_ID,CONFIGURABLE_FIELD,FLAG_ENABLED,ISDELETE,NAME,REQUIRED_FIELD,SEARCHABLE_FIELD,SORTABLE_FIELD,TRANSLATE_ENG,TRANSLATE_IND,UNIQUE_FIELD,INPUT_TYPE_ID) VALUES(9,1,1,0,"Label Radio",1,1,1,"Label Radio ENG","Label Radio IND",1,2);
INSERT INTO T1_ATTRIBUTE(ATTRIBUTE_ID,CONFIGURABLE_FIELD,FLAG_ENABLED,ISDELETE,NAME,REQUIRED_FIELD,SEARCHABLE_FIELD,SORTABLE_FIELD,TRANSLATE_ENG,TRANSLATE_IND,UNIQUE_FIELD,INPUT_TYPE_ID) VALUES(10,1,1,0,"Label Selectbox",1,1,1,"Label Selectbox ENG","Label Selectbox IND",1,3);
INSERT INTO T1_ATTRIBUTE(ATTRIBUTE_ID,CONFIGURABLE_FIELD,FLAG_ENABLED,ISDELETE,NAME,REQUIRED_FIELD,SEARCHABLE_FIELD,SORTABLE_FIELD,TRANSLATE_ENG,TRANSLATE_IND,UNIQUE_FIELD,INPUT_TYPE_ID) VALUES(11,1,1,0,"Label Textarea",1,1,1,"Label Textarea ENG","Label Textarea IND",1,4);
INSERT INTO T1_ATTRIBUTE(ATTRIBUTE_ID,CONFIGURABLE_FIELD,FLAG_ENABLED,ISDELETE,NAME,REQUIRED_FIELD,SEARCHABLE_FIELD,SORTABLE_FIELD,TRANSLATE_ENG,TRANSLATE_IND,UNIQUE_FIELD,INPUT_TYPE_ID) VALUES(12,1,1,0,"Label Textfield",1,1,1,"Label Textfield ENG","Label Textfield IND",1,5);
INSERT INTO T1_ATTRIBUTE(ATTRIBUTE_ID,CONFIGURABLE_FIELD,FLAG_ENABLED,ISDELETE,NAME,REQUIRED_FIELD,SEARCHABLE_FIELD,SORTABLE_FIELD,TRANSLATE_ENG,TRANSLATE_IND,UNIQUE_FIELD,INPUT_TYPE_ID) VALUES(13,1,1,0,"Label Date",1,1,1,"Translate Date ENG","Translate Date IND",1,6);
INSERT INTO SEQUENCE VALUES('T1_ATTRIBUTE', 14);
#ATTRIBUTE_OPTION
INSERT INTO T2_ATTRIBUTE_OPTION(ATTRIBUTE_OPTION_ID, NAME, ATTRIBUTE_ID) VALUES(22,'Checkbox 1',8);
INSERT INTO T2_ATTRIBUTE_OPTION(ATTRIBUTE_OPTION_ID, NAME, ATTRIBUTE_ID) VALUES(23,'Checkbox 2',8);
INSERT INTO T2_ATTRIBUTE_OPTION(ATTRIBUTE_OPTION_ID, NAME, ATTRIBUTE_ID) VALUES(25,'Checkbox 3',8);
INSERT INTO T2_ATTRIBUTE_OPTION(ATTRIBUTE_OPTION_ID, NAME, ATTRIBUTE_ID) VALUES(26,'Checkbox 4',8);
INSERT INTO T2_ATTRIBUTE_OPTION(ATTRIBUTE_OPTION_ID, NAME, ATTRIBUTE_ID) VALUES(27,'Checkbox 5',8);
INSERT INTO T2_ATTRIBUTE_OPTION(ATTRIBUTE_OPTION_ID, NAME, ATTRIBUTE_ID) VALUES(28,'Radio 1',9);
INSERT INTO T2_ATTRIBUTE_OPTION(ATTRIBUTE_OPTION_ID, NAME, ATTRIBUTE_ID) VALUES(29,'Radio 2',9);
INSERT INTO T2_ATTRIBUTE_OPTION(ATTRIBUTE_OPTION_ID, NAME, ATTRIBUTE_ID) VALUES(30,'Radio 3',9);
INSERT INTO T2_ATTRIBUTE_OPTION(ATTRIBUTE_OPTION_ID, NAME, ATTRIBUTE_ID) VALUES(31,'Radio 4',9);
INSERT INTO T2_ATTRIBUTE_OPTION(ATTRIBUTE_OPTION_ID, NAME, ATTRIBUTE_ID) VALUES(32,'Radio 5',9);
INSERT INTO T2_ATTRIBUTE_OPTION(ATTRIBUTE_OPTION_ID, NAME, ATTRIBUTE_ID) VALUES(33,'Selectbox 1',10);
INSERT INTO T2_ATTRIBUTE_OPTION(ATTRIBUTE_OPTION_ID, NAME, ATTRIBUTE_ID) VALUES(34,'Selectbox 2',10);
INSERT INTO T2_ATTRIBUTE_OPTION(ATTRIBUTE_OPTION_ID, NAME, ATTRIBUTE_ID) VALUES(35,'Selectbox 3',10);
INSERT INTO T2_ATTRIBUTE_OPTION(ATTRIBUTE_OPTION_ID, NAME, ATTRIBUTE_ID) VALUES(36,'Selectbox 4',10);
INSERT INTO T2_ATTRIBUTE_OPTION(ATTRIBUTE_OPTION_ID, NAME, ATTRIBUTE_ID) VALUES(37,'Selectbox 5',10);
INSERT INTO SEQUENCE VALUES('T2_ATTRIBUTE_OPTION', 38);
#Attribute Group
INSERT INTO T1_ATTRIBUTE_GROUP(ATTRIBUTE_GROUP_ID,DESCRIPTION,ISDELETE,NAME,FLAG_ENABLED) VALUES(6, 'Attribute
 Group
 One', 0, 'Attribute Group 1', 1);
INSERT INTO T1_ATTRIBUTE_GROUP(ATTRIBUTE_GROUP_ID,DESCRIPTION,ISDELETE,NAME,FLAG_ENABLED) VALUES(7, 'Attribute
 Group
 Two', 0, 'Attribute Group 2', 1);
INSERT INTO T1_ATTRIBUTE_GROUP(ATTRIBUTE_GROUP_ID,DESCRIPTION,ISDELETE,NAME,FLAG_ENABLED) VALUES(8, 'Attribute
 Group
 Three', 0, 'Attribute Group 3', 1);
INSERT INTO SEQUENCE VALUES('T1_ATTRIBUTE_GROUP', 9);
#Attribute Panel Group
INSERT INTO T2_ATTR_PANEL_GROUP(ATTRIBUTE_PANEL_GROUP_ID, NAME, URUTAN, ATTRIBUTE_ID, ATTRIBUTE_GROUP_ID) VALUES(12,'Group One',1,12,6);
INSERT INTO T2_ATTR_PANEL_GROUP(ATTRIBUTE_PANEL_GROUP_ID, NAME, URUTAN, ATTRIBUTE_ID, ATTRIBUTE_GROUP_ID) VALUES(13,'Group One',2,11,6);
INSERT INTO T2_ATTR_PANEL_GROUP(ATTRIBUTE_PANEL_GROUP_ID, NAME, URUTAN, ATTRIBUTE_ID, ATTRIBUTE_GROUP_ID) VALUES(14,'Group One',3,8,6);
INSERT INTO T2_ATTR_PANEL_GROUP(ATTRIBUTE_PANEL_GROUP_ID, NAME, URUTAN, ATTRIBUTE_ID, ATTRIBUTE_GROUP_ID) VALUES(15,'Group Two',1,10,6);
INSERT INTO T2_ATTR_PANEL_GROUP(ATTRIBUTE_PANEL_GROUP_ID, NAME, URUTAN, ATTRIBUTE_ID, ATTRIBUTE_GROUP_ID) VALUES(17,'Group Two',1,10,7);
INSERT INTO T2_ATTR_PANEL_GROUP(ATTRIBUTE_PANEL_GROUP_ID, NAME, URUTAN, ATTRIBUTE_ID, ATTRIBUTE_GROUP_ID) VALUES(18,'Group Two',2,9,7);
INSERT INTO T2_ATTR_PANEL_GROUP(ATTRIBUTE_PANEL_GROUP_ID, NAME, URUTAN, ATTRIBUTE_ID, ATTRIBUTE_GROUP_ID) VALUES(19,'Group Two',3,8,7);
INSERT INTO T2_ATTR_PANEL_GROUP(ATTRIBUTE_PANEL_GROUP_ID, NAME, URUTAN, ATTRIBUTE_ID, ATTRIBUTE_GROUP_ID) VALUES(20,'Group One',1,12,8);
INSERT INTO T2_ATTR_PANEL_GROUP(ATTRIBUTE_PANEL_GROUP_ID, NAME, URUTAN, ATTRIBUTE_ID, ATTRIBUTE_GROUP_ID) VALUES(21,'Group One',2,11,8);
INSERT INTO T2_ATTR_PANEL_GROUP(ATTRIBUTE_PANEL_GROUP_ID, NAME, URUTAN, ATTRIBUTE_ID, ATTRIBUTE_GROUP_ID) VALUES(23,'Group Two',2,9,6);
INSERT INTO SEQUENCE VALUES('T2_ATTR_PANEL_GROUP', 24);

#CATALOG
##ITEM 1
INSERT INTO T3_CATALOG (CATALOG_ID, VENDOR_ID, KODE_PRODUK, NAME_IND, DESKRIPSI_IND, HARGA, MATA_UANG_ID, SATUAN_ID, IS_VENDOR, STATUS) VALUES(1, 3, 'KOMPDESK01', 'Komputer Desktop Lenovo', 'Intel Core i-5; Board Intel Chipset; VGA RAM 1GB, HDMI Port; HD 500 GB; DDR3 4GB', 8000000, 1, 3, 1, 1);
INSERT INTO T3_CATALOG (CATALOG_ID, VENDOR_ID, KODE_PRODUK, NAME_IND, DESKRIPSI_IND, HARGA, MATA_UANG_ID, SATUAN_ID, IS_VENDOR, STATUS) VALUES(2, 1, 'KOMPDESK01V1', 'Komputer Desktop Accer', 'Intel Core i-5; Board Intel Chipset; VGA RAM 1GB, HDMI Port; HD 500 GB; DDR3 4GB', 7800000, 1, 3, 1, 1);
INSERT INTO T3_CATALOG (CATALOG_ID, VENDOR_ID, KODE_PRODUK, NAME_IND, DESKRIPSI_IND, HARGA, MATA_UANG_ID, SATUAN_ID, IS_VENDOR, STATUS) VALUES(3, 1, 'KOMPDESK02V1', 'Komputer Desktop Accer', 'Intel Core i-7; Board Intel Chipset; VGA RAM 1GB, HDMI Port; HD 500 GB; DDR3 8GB', 9800000, 1, 3, 1, 1);
INSERT INTO T3_CATALOG (CATALOG_ID, VENDOR_ID, KODE_PRODUK, NAME_IND, DESKRIPSI_IND, HARGA, MATA_UANG_ID, SATUAN_ID, IS_VENDOR, STATUS) VALUES(4, 2, 'KOMPDESK01V2', 'Komputer Desktop Dell', 'Intel Core i-5; Board Intel Chipset; VGA RAM 1GB, HDMI Port; HD 500 GB; DDR3 8GB', 9200000, 1, 3, 1, 1);
INSERT INTO T3_CATALOG (CATALOG_ID, VENDOR_ID, KODE_PRODUK, NAME_IND, DESKRIPSI_IND, HARGA, MATA_UANG_ID, SATUAN_ID, IS_VENDOR, STATUS) VALUES(5, 2, 'KOMPDESK02V2', 'Komputer Desktop Dell', 'MOTHERBOARD INTEL DH55PJ INTEL CORE I3 540/550 SOCKET LGA1156 HDD SATA SEAGATE BARRACUDA 160/250 GB RAM 2048 MB (2GB) DDR3 PC-10600/10666 OPTIC DISK SAMSUNG / LG MONITOR LCD SAMSUNG SYNCMASTER B1630N / LCD LG FLATRON W1642S KEYBOARD LOGITECH', 4000000, 1, 4, 1, 1);
INSERT INTO SEQUENCE VALUES('T3_CATALOG', 6);

#Category
INSERT INTO T2_CATEGORY(CATEGORY_ID, ADMIN_LABEL, DESCRIPTION, FLAG_ENABLED, ISDELETE, TRANSLATE_ENG, TRANSLATE_IND) VALUES(2,'Category Root Level 1 ADM','Category Root level 1',1,0,'Category Root Level 1 ENG','Category Root Level 1 IND');
INSERT INTO T2_CATEGORY(CATEGORY_ID, ADMIN_LABEL, DESCRIPTION, FLAG_ENABLED, ISDELETE, TRANSLATE_ENG, TRANSLATE_IND) VALUES(3,'Category Root Level 2 ADM','Category Root Level 2',1,0,'Category Root Level 2 ENG','Category Root Level 2 IND');
INSERT INTO T2_CATEGORY(CATEGORY_ID, ADMIN_LABEL, DESCRIPTION, FLAG_ENABLED, ISDELETE, TRANSLATE_ENG, TRANSLATE_IND) VALUES(4,'Category Root Level 3 ADM','Category Root Level 3',1,0,'Category Root Level 3 ENG','Category Root Level 3 IND');
INSERT INTO T2_CATEGORY(CATEGORY_ID, ADMIN_LABEL, DESCRIPTION, FLAG_ENABLED, ISDELETE, TRANSLATE_ENG, TRANSLATE_IND, PARENT_ID) VALUES(5,'Category Level 2.1 ADM','Category Level 2.1',1,0,'Category Level 2.1 ENG','Category Level 2.1 IND',3);
INSERT INTO T2_CATEGORY(CATEGORY_ID, ADMIN_LABEL, DESCRIPTION, FLAG_ENABLED, ISDELETE, TRANSLATE_ENG, TRANSLATE_IND, PARENT_ID) VALUES(6,'Category Level 2.2 ADM','Category Level 2.2',1,0,'Category Level 2.2 ENG','Category Level 2.2 IND',3);
INSERT INTO T2_CATEGORY(CATEGORY_ID, ADMIN_LABEL, DESCRIPTION, FLAG_ENABLED, ISDELETE, TRANSLATE_ENG, TRANSLATE_IND, PARENT_ID) VALUES(7,'Category Level 2.3 ADM','Category Level 2.3',1,0,'Category Level 2.3 ENG','Category Level 2.3 IND',3);
INSERT INTO T2_CATEGORY(CATEGORY_ID, ADMIN_LABEL, DESCRIPTION, FLAG_ENABLED, ISDELETE, TRANSLATE_ENG, TRANSLATE_IND, PARENT_ID) VALUES(8,'Category Level 2.2.1 ADM','Category Level 2.2.1',1,0,'Category Level 2.2.1 ENG','Category Level 2.2.1 IND',6);
INSERT INTO T2_CATEGORY(CATEGORY_ID, ADMIN_LABEL, DESCRIPTION, FLAG_ENABLED, ISDELETE, TRANSLATE_ENG, TRANSLATE_IND, PARENT_ID) VALUES(9,'Category Level 2.2.2 ADM','Category Level 2.2.2',1,0,'Category Level 2.2.2 ENG','Category Level 2.2.2 IND',6);
INSERT INTO SEQUENCE VALUES('T2_CATEGORY', 10);

# FORMULA PENILAIAN
INSERT INTO T1_FORMULA_PENILAIAN (FORMULA_P_ID, FORMULA_P_BATAS_KANAN, FORMULA_P_BATAS_KIRI, FORMULA_P_CODE, FORMULA_P_CREATED, FORMULA_P_DELETED, FORMULA_P_DESCRIPTION, FORMULA_P_ISDELETE, FORMULA_P_NOTE, FORMULA_P_PERSAMAAN_KANAN, FORMULA_P_PERSAMAAN_KIRI, FORMULA_P_POINT,  FORMULA_P_UPDATED, FORMULA_P_USERID) VALUES ('1', '5', '5', 'SB', '2017-02-02 16:23:54', '2017-02-02 17:56:12', 'Sangat Baik', '0', 'Sangat Baik', 'le', 'ge', '5', null, null);
INSERT INTO T1_FORMULA_PENILAIAN (FORMULA_P_ID, FORMULA_P_BATAS_KANAN, FORMULA_P_BATAS_KIRI, FORMULA_P_CODE, FORMULA_P_CREATED, FORMULA_P_DELETED, FORMULA_P_DESCRIPTION, FORMULA_P_ISDELETE, FORMULA_P_NOTE, FORMULA_P_PERSAMAAN_KANAN, FORMULA_P_PERSAMAAN_KIRI, FORMULA_P_POINT,  FORMULA_P_UPDATED, FORMULA_P_USERID) VALUES ('2', '2', '0', 'SK', '2017-02-02 16:23:56', '2017-02-02 17:56:13', 'Sangat Kurang', '0', 'Sangat Kurang', 'lt', 'ge', '1', null, null);
INSERT INTO T1_FORMULA_PENILAIAN (FORMULA_P_ID, FORMULA_P_BATAS_KANAN, FORMULA_P_BATAS_KIRI, FORMULA_P_CODE, FORMULA_P_CREATED, FORMULA_P_DELETED, FORMULA_P_DESCRIPTION, FORMULA_P_ISDELETE, FORMULA_P_NOTE, FORMULA_P_PERSAMAAN_KANAN, FORMULA_P_PERSAMAAN_KIRI, FORMULA_P_POINT,  FORMULA_P_UPDATED, FORMULA_P_USERID) VALUES ('3', '4', '3', 'CK', '2017-02-02 16:23:57', '2017-02-02 17:56:13', 'Cukup', '0', 'Cukup', 'lt', 'ge', '3', null, null);
INSERT INTO T1_FORMULA_PENILAIAN (FORMULA_P_ID, FORMULA_P_BATAS_KANAN, FORMULA_P_BATAS_KIRI, FORMULA_P_CODE, FORMULA_P_CREATED, FORMULA_P_DELETED, FORMULA_P_DESCRIPTION, FORMULA_P_ISDELETE, FORMULA_P_NOTE, FORMULA_P_PERSAMAAN_KANAN, FORMULA_P_PERSAMAAN_KIRI, FORMULA_P_POINT,  FORMULA_P_UPDATED, FORMULA_P_USERID) VALUES ('4', '5', '4', 'BA', '2017-02-02 16:23:57', '2017-02-02 17:56:12', 'Baik', '0', 'Baik', 'lt', 'ge', '4', null, null);
INSERT INTO T1_FORMULA_PENILAIAN (FORMULA_P_ID, FORMULA_P_BATAS_KANAN, FORMULA_P_BATAS_KIRI, FORMULA_P_CODE, FORMULA_P_CREATED, FORMULA_P_DELETED, FORMULA_P_DESCRIPTION, FORMULA_P_ISDELETE, FORMULA_P_NOTE, FORMULA_P_PERSAMAAN_KANAN, FORMULA_P_PERSAMAAN_KIRI, FORMULA_P_POINT,  FORMULA_P_UPDATED, FORMULA_P_USERID) VALUES ('5', '3', '2', 'KU', '2017-02-02 16:23:57', '2017-02-02 17:56:13', 'Kurang', '0', 'Kurang', 'lt', 'ge', '2', null, null);
INSERT INTO SEQUENCE VALUES('T1_FORMULA_PENILAIAN', 100);
# INDIKATOR PENILAIAN
INSERT INTO T1_INDIKATOR_PENILAIAN (INDIKATOR_P_ID, INDIKATOR_P_ASPEK_KERJA, INDIKATOR_P_BOBOT, INDIKATOR_P_CODE, INDIKATOR_P_INDIKATOR, INDIKATOR_P_CREATED, INDIKATOR_P_DELETED, INDIKATOR_P_ISDELETE, INDIKATOR_P_UPDATED, INDIKATOR_P_USERID) VALUES ('1', 'KUALITAS', '30', 'KUALITAS', 'Kualitas/mutu hasil pekerjaan berdasarkan Perjanjian/Kontrak telah sesuai dengan requirement', '2017-02-02 16:50:36', null, '0', null, '1');
INSERT INTO T1_INDIKATOR_PENILAIAN (INDIKATOR_P_ID, INDIKATOR_P_ASPEK_KERJA, INDIKATOR_P_BOBOT, INDIKATOR_P_CODE, INDIKATOR_P_INDIKATOR, INDIKATOR_P_CREATED, INDIKATOR_P_DELETED, INDIKATOR_P_ISDELETE, INDIKATOR_P_UPDATED, INDIKATOR_P_USERID) VALUES ('2', 'TEPAT WAKTU', '25', 'TEPAT_WAKTU', 'Ketepatan waktu pelaksanaan pekerjaan sesuai Perjanjian/Kontrak', '2017-02-02 16:50:36', null, '0', null, '1');
INSERT INTO T1_INDIKATOR_PENILAIAN (INDIKATOR_P_ID, INDIKATOR_P_ASPEK_KERJA, INDIKATOR_P_BOBOT, INDIKATOR_P_CODE, INDIKATOR_P_INDIKATOR, INDIKATOR_P_CREATED, INDIKATOR_P_DELETED, INDIKATOR_P_ISDELETE, INDIKATOR_P_UPDATED, INDIKATOR_P_USERID) VALUES ('3', 'TANGGUNG JAWAB', '20', 'TANGGUNG_JAWAB', 'Cepat dan tanggap di dalam menindaklanjuti adanya komplain dari User terhadap hasil pekerjaan seuai Perjanjian/Kontrak', '2017-02-02 16:50:36', null, '0', null, '1');
INSERT INTO T1_INDIKATOR_PENILAIAN (INDIKATOR_P_ID, INDIKATOR_P_ASPEK_KERJA, INDIKATOR_P_BOBOT, INDIKATOR_P_CODE, INDIKATOR_P_INDIKATOR, INDIKATOR_P_CREATED, INDIKATOR_P_DELETED, INDIKATOR_P_ISDELETE, INDIKATOR_P_UPDATED, INDIKATOR_P_USERID) VALUES ('4', 'RESPONSIVE & KOMUNIKATIVE', '10', 'RESPONSIVE_KOMUNIKATIVE', 'Apabila terdapat kendala, mudah dihubungi via telp, email, atau fax menanggapi secara baik untuk ditindaklanjuti ppada masa pemeliharaan, masa garansi, setelah Perjanjian, kontrak selesai', '2017-02-02 16:50:36', null, '0', null, '1');
INSERT INTO T1_INDIKATOR_PENILAIAN (INDIKATOR_P_ID, INDIKATOR_P_ASPEK_KERJA, INDIKATOR_P_BOBOT, INDIKATOR_P_CODE, INDIKATOR_P_INDIKATOR, INDIKATOR_P_CREATED, INDIKATOR_P_DELETED, INDIKATOR_P_ISDELETE, INDIKATOR_P_UPDATED, INDIKATOR_P_USERID) VALUES ('5', 'SERVICES', '15', 'SERVICES', 'Kecepatan dan ketepatan waktu pelayanan penanganan permintaan/klaim/keluhan dari User (pada masa pemeliharaan, masa garansi, setelah Perjanjian/Kontrak selesai), dengan memberikan kenyamanan dari hasil', '2017-02-02 16:50:36', null, '0', null, '1');
INSERT INTO SEQUENCE VALUES('T1_INDIKATOR_PENILAIAN', 100);
# E-Catalog 
# Product Type
INSERT INTO T1_PRODUCT_TYPE (PRODUCT_TYPE_ID, NAMA, ISDELETE) VALUES (1, 'Simple', 0);
INSERT INTO T1_PRODUCT_TYPE (PRODUCT_TYPE_ID, NAMA, ISDELETE) VALUES (2, 'Bundle', 0);
INSERT INTO T1_PRODUCT_TYPE (PRODUCT_TYPE_ID, NAMA, ISDELETE) VALUES (3, 'Configurable', 0);
INSERT INTO SEQUENCE VALUES('T1_PRODUCT_TYPE', 100);
